id,conspiracy_majority,hate_speech_majority,satire_majority,sensationalism_majority,speculation_majority,conspiracy1,conspiracy2,conspiracy3,hate_speech1,hate_speech2,hate_speech3,satire1,satire2,satire3,sensationalism1,sensationalism2,sensationalism3,speculation1,speculation2,speculation3
1854026342922060122,0,0,0,0,0,0,0,0,0,0,0,0,0,0,0,0,0,0,0,0
1849794425800495216,0,0,0,0,0,0,0,0,0,0,0,0,0,0,0,0,0,0,0,0
1939460037795336512,0,0,0,0,0,0,1,0,0,0,0,0,0,0,0,0,1,0,0,1
1864988971383620007,0,0,0,0,0,0,0,0,0,0,0,0,0,0,0,0,0,0,0,0
1893816418480640134,0,0,0,0,0,0,0,0,0,0,0,0,0,0,0,0,0,0,0,0
1883315193536782532,1,0,0,1,0,1,1,1,0,0,0,0,0,0,0,1,1,0,0,1
1934593265463869778,0,0,0,0,0,0,0,0,0,0,0,0,0,0,0,0,1,0,0,0
1882136028254965821,1,0,0,1,0,1,1,1,0,0,0,0,0,0,0,1,1,0,0,1
1862662079649354011,1,0,0,1,0,1,1,1,0,0,0,0,0,0,0,1,1,0,0,1
1929495976881852858,0,0,0,0,0,0,0,0,0,0,0,0,0,0,0,0,0,0,0,0
1936677911362257335,1,0,0,1,0,1,1,0,0,0,0,0,0,0,0,1,1,0,0,1
1907388080560222617,0,0,0,0,0,0,0,0,0,0,0,0,0,0,0,0,0,0,0,0
1940735751475622349,0,0,0,1,0,0,0,0,0,0,0,0,0,0,1,1,0,0,0,1
1899293465936347269,0,0,0,0,0,0,0,0,0,0,0,0,0,0,0,0,0,0,0,1
1880414439301902711,0,0,0,0,0,0,0,0,0,0,0,0,0,0,0,0,1,0,0,0
1896717754679664999,0,0,0,0,0,0,0,0,0,0,0,0,0,0,0,0,0,0,0,0
1855777273049121092,1,0,1,1,0,1,1,0,0,0,0,0,1,1,1,1,1,0,0,1
1898525879736918308,0,0,0,0,0,0,0,0,0,0,0,0,0,0,0,0,0,0,0,0
1874274425459400783,0,0,0,0,0,0,0,0,0,0,0,0,0,0,0,0,0,0,0,0
1890159449278677491,0,0,0,0,0,0,0,0,1,0,0,0,0,0,1,0,0,0,0,0
1888812551648977400,0,0,0,0,0,0,0,0,0,0,0,0,0,0,0,0,0,0,0,1
1898759227927413058,0,0,0,0,0,0,0,0,0,0,0,0,0,0,0,0,0,0,0,1
1868048172473561197,0,0,0,0,0,0,0,0,0,0,0,0,0,0,0,0,1,0,0,0
1863384313233920473,0,0,0,1,0,0,0,0,0,0,0,0,0,0,1,1,1,0,0,0
1856683471021789206,0,0,0,0,0,0,0,0,0,0,0,0,0,0,0,0,1,0,0,1
1940616933365502022,0,0,0,0,0,0,0,0,0,0,0,0,0,0,0,0,0,0,0,0
1899389042938015907,0,0,0,0,0,0,0,0,0,0,0,0,0,0,0,0,1,0,0,0
1879307299325395323,0,0,0,0,0,0,0,0,0,0,0,0,0,0,0,0,0,0,0,0
1860474255000883432,1,0,0,1,1,0,1,1,0,0,0,0,0,0,1,1,0,1,0,1
1854011175375397101,0,1,0,0,0,0,0,0,1,0,1,0,0,0,0,1,0,0,0,0
1894095041309610000,0,1,0,1,0,0,0,0,1,0,1,0,0,0,0,1,1,1,0,0
1892245524461310220,0,0,0,0,0,0,0,0,0,0,0,0,0,0,0,0,0,0,0,0
1856135549263982872,0,0,0,0,0,0,0,0,0,0,0,0,0,0,0,0,0,0,0,0
1943994742607356191,0,0,0,0,0,0,0,0,0,0,0,0,0,0,0,0,0,0,0,0
1943999529272910044,0,0,0,0,0,0,0,0,0,0,0,0,0,0,0,0,0,0,0,0
1890926972529746146,0,0,0,1,0,0,0,0,1,0,0,0,1,0,1,1,1,1,0,0
1904015582326100236,0,0,0,0,0,0,0,0,0,0,0,0,0,0,0,1,0,0,0,0
1900514134334079248,0,0,0,0,0,0,0,0,0,0,0,0,0,0,0,0,0,0,0,0
1891250327682269526,0,0,0,0,0,0,0,0,0,0,0,0,0,0,0,1,0,0,0,0
1879988229316964817,0,0,0,0,0,0,0,0,0,0,0,0,0,0,0,0,0,0,0,0
1899332631013330998,0,0,0,0,0,0,0,0,0,0,0,0,0,0,0,0,0,0,0,0
1890983955450503443,0,0,0,0,0,0,0,0,0,0,0,0,0,0,0,1,0,0,0,0
1867741189581287462,0,0,0,0,0,0,0,0,0,0,0,0,0,0,0,0,0,0,0,0
1869357227129360564,0,0,0,0,0,0,0,0,0,0,0,0,0,0,0,0,0,0,0,0
1847086912617509075,1,0,0,1,1,0,1,1,0,1,0,0,0,0,0,1,1,0,1,1
1852833063237292302,0,0,0,0,0,0,0,0,0,0,0,0,0,0,0,0,0,0,0,0
1921905810822639999,0,0,0,0,0,0,0,0,0,0,0,0,0,0,0,1,0,0,0,0
1860387905048400126,0,0,0,0,0,0,0,1,0,0,0,0,0,0,0,0,0,0,0,0
1853996045308485761,0,0,0,0,0,0,0,0,0,0,0,0,0,0,0,0,0,0,0,0
1935622148825174029,1,0,0,0,0,0,1,1,0,0,0,0,0,0,0,1,0,0,0,1
1892739880393859106,1,0,0,0,1,1,1,1,0,0,1,0,0,0,1,0,0,1,1,1
1892271717004742711,1,0,0,0,1,0,1,1,0,0,0,0,0,0,0,0,1,1,1,1
1847985648168247763,0,0,0,0,1,0,0,0,0,0,0,0,0,0,0,0,0,0,1,1
1940983996428468624,0,0,0,1,0,0,0,0,0,0,0,0,0,0,0,1,1,0,0,0
1860562535751254387,0,0,1,0,0,0,0,0,0,0,1,0,1,1,0,0,0,0,0,0
1927687280699040159,0,0,0,0,0,0,0,1,0,0,0,0,0,0,0,0,0,0,1,0
1879239704094425271,0,0,1,0,0,0,0,0,0,0,0,0,1,1,0,0,0,0,0,0
1899986505117901115,0,0,0,0,0,0,0,0,0,0,0,0,0,0,0,0,0,0,1,0
1871398020526268474,0,0,0,0,0,0,0,0,0,0,0,0,0,0,0,0,1,0,1,0
1859799916819968266,0,0,1,0,0,0,0,0,0,0,0,1,0,1,0,0,0,0,1,0
1861484141960699989,0,0,0,0,0,0,0,0,0,0,0,0,0,0,0,1,0,0,0,0
1939658049226215440,0,0,0,0,1,0,0,0,0,0,0,0,0,0,0,0,0,1,1,1
1887209740804989112,0,0,0,0,0,0,0,0,0,0,0,0,0,0,0,0,0,0,1,0
1897506908996600198,0,0,0,0,1,0,1,0,0,0,0,0,0,1,0,1,0,1,1,0
1943258898682486961,0,0,0,0,0,0,0,0,0,0,0,0,0,0,0,0,0,0,1,0
1892712957680734437,0,0,0,0,0,0,0,0,0,0,0,0,0,0,0,0,0,0,1,0
1876608536052109626,0,0,0,1,0,0,0,0,0,0,0,0,0,0,0,1,1,0,0,0
1888094387948716037,1,0,0,1,0,1,0,1,0,0,0,0,0,0,0,1,1,1,0,0
1905235925254471851,1,0,0,0,0,0,1,1,0,0,1,0,0,0,1,0,0,0,1,0
1847153221187350892,0,0,0,1,1,0,0,1,0,0,0,0,0,0,1,0,1,0,1,1
1887281228283347347,1,0,0,0,1,1,1,1,0,0,0,0,0,0,0,0,1,1,1,0
1873798478427480309,0,0,0,0,1,0,0,0,0,0,0,0,0,0,0,0,0,1,1,1
1878238462257570019,1,0,0,0,1,1,1,1,0,0,0,0,0,0,1,0,0,1,1,1
1889115654151934127,0,0,0,0,0,0,0,0,0,0,0,0,1,0,0,0,0,0,0,0
1853965807107121252,0,0,0,0,0,0,0,0,0,0,0,0,0,0,0,0,0,0,1,0
1867914833200631888,0,0,0,0,0,0,0,0,0,0,0,0,0,0,0,0,0,0,1,0
1855958703649792123,0,0,0,0,0,0,0,0,0,0,0,0,0,0,0,0,0,0,0,0
1922626944576696620,0,0,0,1,0,0,0,1,0,0,0,0,0,0,1,1,1,0,0,1
1886646464807624935,0,0,0,0,0,0,0,0,0,0,0,0,0,0,0,0,0,1,0,0
1929131830206185665,0,0,0,0,0,0,0,0,0,0,0,0,0,0,0,1,0,0,1,0
1872258561117388922,0,0,0,0,0,0,0,0,0,0,0,0,0,0,0,0,0,0,0,0
1902337325889180023,0,0,0,0,0,0,0,0,0,0,0,0,0,0,0,1,0,1,0,0
1847350989424394410,0,0,0,0,0,0,0,0,0,0,0,0,0,0,0,0,0,0,0,1
1898968633222517021,0,0,0,0,0,0,0,0,0,0,0,0,0,0,0,0,0,0,0,0
1867085916818538647,1,0,0,0,1,1,1,1,0,0,0,0,0,0,0,1,0,1,1,1
1915353314755043358,0,0,0,0,0,0,0,0,0,0,0,0,0,0,0,0,0,0,0,0
1938930817780101147,0,0,0,1,1,0,1,0,0,0,0,0,0,0,1,1,0,0,1,1
1919650966342676851,1,0,0,0,1,0,1,1,0,0,0,0,0,0,0,1,0,1,1,1
1854297746099908782,0,0,0,0,0,0,0,0,0,0,0,0,0,0,0,0,0,0,0,0
1904700485283590366,0,0,0,0,0,0,0,0,0,0,0,0,0,0,0,0,0,0,0,0
1925153915504382219,0,0,0,0,0,0,0,0,0,0,0,0,0,0,0,0,0,0,0,0
1894607995914653960,0,0,1,0,0,0,0,0,0,0,0,0,1,1,1,0,0,0,0,0
1869911888173088820,0,0,0,0,0,0,0,0,0,0,0,0,0,0,0,0,0,0,0,0
1888355222260781364,0,0,0,0,1,0,0,0,0,0,0,0,0,0,0,1,0,1,1,1
1928941159696548008,0,0,0,0,0,0,0,0,0,0,0,0,0,0,0,0,0,0,0,0
1887912839488192748,1,0,0,1,1,1,0,1,0,0,0,0,0,0,1,1,1,1,0,1
1908371869226434892,0,0,0,0,0,0,0,0,0,0,0,0,0,0,0,0,0,0,0,0
1850523081405505802,0,0,0,0,0,0,0,0,0,0,0,0,0,0,0,0,0,0,0,0
1875406428011426175,0,0,0,0,0,0,0,0,0,0,0,0,1,0,1,0,0,0,0,0
1855415187873898750,0,0,0,0,0,0,0,0,0,0,0,0,0,0,0,0,0,0,0,0
1848240186997801000,0,0,0,0,1,0,0,1,0,0,0,0,0,0,0,0,0,1,1,1
1858584161663046082,0,0,0,0,0,0,0,0,0,0,0,0,0,0,0,0,0,0,0,0
1881645464132759805,0,0,0,0,0,0,0,0,0,0,0,0,0,0,0,0,0,0,0,0
1913480469431324797,0,0,0,0,0,0,0,0,0,0,0,0,0,0,0,0,1,0,0,1
1853025868433506344,0,0,0,0,0,0,0,0,0,0,0,0,0,0,0,0,0,0,0,0
1910824600201478249,1,0,0,1,1,1,0,1,0,0,0,0,0,0,1,0,1,1,1,1
1853120296712106240,1,0,0,1,1,1,1,0,0,0,0,0,0,0,1,1,1,1,1,1
1875081744518648183,0,0,0,1,1,0,0,0,0,0,0,0,0,0,1,0,1,1,0,1
1862207304549998652,0,0,0,0,0,0,0,0,0,0,0,0,0,0,0,0,0,0,0,1
1853193709115912556,0,0,0,0,0,0,0,0,0,0,0,0,0,0,0,0,0,0,0,0
1884268715228946933,0,0,0,1,1,0,0,1,0,0,1,0,0,0,1,0,1,1,1,1
1909104024026067365,0,0,0,0,1,0,0,0,0,0,0,0,0,0,0,0,1,1,0,1
1889494626572054953,1,0,0,1,1,1,1,0,0,0,0,0,0,0,0,1,1,1,1,1
1896166628489834839,0,0,0,1,1,0,0,0,0,0,0,0,0,0,1,0,1,1,1,1
1864361561231347959,0,0,0,0,0,0,0,0,0,0,0,0,0,0,0,0,1,0,0,1
1859399228189024282,0,0,0,1,0,0,0,0,0,0,0,0,0,0,0,1,1,0,1,0
1943635186714919080,0,0,0,0,1,0,1,0,0,0,0,0,0,0,0,0,1,1,1,1
1888572585677656253,0,0,0,0,1,0,0,0,0,0,0,0,0,0,0,0,0,1,0,1
1862457730554110233,0,0,0,0,0,0,0,0,0,0,0,0,0,0,0,0,0,0,0,0
1907407842652405762,1,0,0,1,1,1,0,1,0,0,0,0,0,0,1,0,1,1,1,1
1899535079841669339,0,0,0,0,0,0,0,0,0,0,0,0,0,0,0,0,0,0,0,0
1936408105245421698,0,0,0,0,1,1,0,0,0,0,0,0,0,0,0,0,1,1,1,1
1887935781039390963,1,0,0,1,1,1,1,1,0,0,0,0,0,0,1,1,1,1,1,1
1852893854996857159,0,0,0,0,0,0,0,0,0,0,0,0,0,0,0,0,0,0,0,1
1872713056306008430,1,0,0,1,1,1,1,1,0,0,0,0,0,0,0,1,1,1,1,1
1863205222648086748,0,0,0,1,0,0,0,0,1,0,0,0,0,0,1,1,0,0,1,0
1892738998621130994,0,0,0,0,0,0,0,0,1,0,0,0,0,0,1,0,0,0,0,0
1894255932017627149,0,0,0,1,0,0,0,0,0,0,0,0,0,0,1,1,0,0,0,0
1887474701880205825,0,0,0,0,0,0,0,0,0,0,0,0,0,0,0,0,0,0,1,0
1869728432667742559,0,0,0,0,0,0,0,0,0,0,0,0,0,0,1,0,0,0,0,0
1928069087613141030,0,0,0,0,0,0,0,0,0,0,0,0,0,0,1,0,0,1,0,0
1871541419955060863,0,0,0,0,0,0,0,0,0,0,0,0,0,0,1,0,0,0,0,0
1928147033317064951,0,0,0,1,0,1,0,0,0,0,1,0,0,0,1,1,1,0,1,0
1851062630955241506,0,0,0,0,0,0,0,0,0,0,0,0,0,0,0,0,0,1,0,0
1865738300193161395,0,0,0,0,0,0,0,0,0,0,0,0,0,0,0,0,0,0,0,0
1902696320336371814,0,1,0,1,0,0,0,0,1,0,1,0,0,0,1,1,0,0,1,0
1869000080872898847,0,0,0,0,0,1,0,0,0,0,0,0,0,0,0,0,0,0,1,0
1876777770023587887,0,0,0,0,0,0,0,0,0,0,0,0,0,0,0,0,0,0,0,0
1888661371669119144,0,0,0,0,0,0,0,0,0,0,0,0,0,0,1,0,0,0,1,0
1942199452556738729,0,0,0,0,0,0,0,0,0,0,0,0,0,0,0,0,0,0,0,0
1847127465199915501,0,0,0,0,0,0,0,0,0,0,0,0,0,0,0,0,0,0,0,0
1937854253160071210,0,0,0,0,0,0,0,0,0,0,0,0,0,0,0,1,0,0,1,0
1856319627766157679,0,0,0,0,0,0,0,0,0,0,0,0,0,0,0,0,0,0,0,0
1875563604579398135,0,0,0,0,0,0,0,0,1,0,0,1,0,0,0,0,0,0,0,0
1935480450677621115,0,0,0,0,0,0,0,0,0,0,0,0,0,0,1,0,0,0,1,0
1871541190467965164,0,0,0,0,0,0,0,0,0,0,0,0,0,0,0,1,0,0,0,0
1868199457281528080,0,0,0,0,0,0,0,0,0,0,0,0,0,0,0,0,0,0,0,0
1848591407197360543,0,0,0,0,0,0,0,0,0,0,0,0,0,0,0,0,0,0,0,0
1927455383209034232,0,0,0,0,0,0,0,0,0,0,0,0,0,0,0,0,0,0,0,0
1881581064449343758,0,0,0,1,0,0,0,0,1,0,0,0,0,0,1,1,0,0,0,0
1858132331250233533,0,0,0,0,0,0,0,0,0,0,0,0,1,0,0,1,0,0,1,0
1901246619393094006,0,0,0,0,1,0,1,0,0,1,0,0,1,0,0,1,0,1,1,1
1870088487401148559,1,0,0,0,0,1,1,0,0,1,0,0,0,0,0,0,1,0,1,0
1894095087854070000,0,1,0,1,1,0,1,0,1,1,1,0,0,0,1,0,1,1,1,0
1847029499755745362,0,0,0,0,0,0,0,0,0,0,0,0,0,0,0,1,0,0,1,0
1893246073734299666,0,0,0,0,1,0,0,0,0,0,0,0,0,0,0,0,1,1,1,0
1879213679578685915,0,0,0,1,0,0,0,0,0,0,0,0,0,0,1,1,0,0,1,0
1868791057686970598,0,0,0,1,0,0,0,0,0,0,0,0,0,0,1,1,1,0,1,0
1936148550611587225,1,0,0,0,1,1,0,1,0,1,0,0,1,0,1,0,0,1,1,0
1889284068023443832,0,0,0,1,1,0,0,0,0,0,0,0,1,0,1,0,1,0,1,1
1917192663431815187,1,0,0,0,1,1,1,0,0,1,0,0,0,1,0,0,0,1,1,0
1861121041298239984,0,0,0,0,0,0,0,0,0,0,0,0,1,0,0,0,1,0,1,0
1888390948394254769,0,0,0,1,0,0,0,0,0,0,0,0,0,0,1,1,1,0,1,0
1886206965065580684,0,0,0,1,0,0,1,0,0,0,0,0,1,0,1,0,1,0,1,0
1915374857644130589,0,0,0,0,1,0,0,1,0,0,0,0,1,0,0,0,1,0,1,1
1879931863902613881,0,0,0,1,0,0,0,0,0,0,0,0,1,0,0,1,1,0,1,0
1853799618007462149,0,0,0,0,0,0,0,0,0,0,0,0,1,0,0,0,1,0,0,0
1901588604436337093,1,0,0,0,1,0,1,1,0,1,0,0,0,0,1,0,0,1,1,0
1909815312545095705,0,0,0,0,1,0,0,0,0,0,0,0,0,0,0,0,1,1,1,0
1868623765925695637,0,0,0,1,1,0,0,0,0,0,0,0,0,0,1,0,1,1,1,0
1876742971715928468,0,0,1,0,0,0,0,0,0,0,0,1,1,0,0,0,0,0,0,0
1872060020533367175,0,0,0,1,1,0,1,0,0,0,0,0,0,0,1,0,1,1,1,1
1890920465717133355,1,0,0,0,0,1,1,1,0,0,0,0,0,0,0,0,0,0,1,0
1848601781023957320,0,0,0,0,1,0,0,0,0,0,0,0,0,0,0,0,0,1,1,0
1874166694316327378,0,0,0,1,0,0,0,0,0,0,0,0,0,0,1,0,1,0,1,0
1874150928980599195,0,0,0,0,0,0,0,0,0,0,0,0,0,0,0,0,0,0,0,0
1936321272683561392,1,0,0,0,1,1,1,1,0,0,0,0,0,0,1,0,0,1,1,1
1880120030555177391,0,0,0,0,0,0,0,0,0,0,0,0,0,0,0,0,0,0,0,0
1867442141339038161,1,0,0,0,1,1,1,1,0,0,0,0,0,0,1,0,0,1,1,1
1853769618520776861,0,0,0,0,0,0,0,0,0,0,0,0,0,0,0,0,0,0,0,0
1874167075914015066,0,0,0,0,0,0,0,0,0,0,0,0,0,0,0,0,0,1,0,0
1883980454740779310,0,0,0,0,0,1,0,0,0,0,0,0,0,0,0,0,0,0,0,0
1899196144229470384,0,0,0,0,0,0,0,0,0,0,0,0,0,0,0,0,0,0,0,0
1895186607956992206,0,0,0,0,1,0,0,0,0,0,0,1,0,0,0,0,0,1,0,1
1879039445254754651,1,0,0,1,0,1,0,1,0,0,0,0,0,0,1,0,1,0,0,0
1854041352146755664,0,0,0,0,0,0,0,0,0,0,0,0,0,0,0,0,0,0,0,0
1931326398737608794,0,0,0,0,0,0,0,0,0,0,0,0,0,0,0,0,0,0,1,0
1871354954369397009,,,,,,,,,,,,,,,,,,,,
1922869192056807683,0,0,0,0,0,0,0,0,0,0,0,0,0,0,0,0,0,1,0,0
1894257185129156822,0,0,0,1,0,0,0,0,0,0,0,0,0,0,1,1,1,0,0,0
1930812739968012614,0,0,1,1,0,0,0,1,0,0,0,1,1,0,1,0,1,0,0,1
1896067116304077001,0,0,0,0,0,0,0,0,0,0,0,1,0,0,0,0,0,0,0,0
1895704501199450208,1,0,0,0,1,1,1,1,0,0,0,0,0,0,1,0,0,1,1,1
1903425338337538489,0,0,0,0,0,0,0,0,0,0,0,1,0,0,0,0,0,0,0,0
1865922362580828532,0,0,0,0,0,0,0,0,0,0,0,1,0,0,0,0,0,1,0,0
1852785689336992006,0,0,0,1,0,1,0,0,0,0,0,0,0,0,1,0,1,1,0,0
1854267875759989192,0,0,0,0,0,0,0,0,0,0,0,0,0,0,0,0,0,0,0,0
1923532118484750341,0,0,0,0,1,0,0,1,0,0,1,1,0,0,0,0,1,0,1,1
1875775809216246013,0,0,0,0,0,0,0,0,0,0,0,0,0,0,0,0,0,1,0,0
1887480403159576879,0,0,1,1,1,0,0,0,0,0,0,1,1,0,0,1,1,1,1,0
1899444051826684244,0,0,0,0,0,1,0,0,0,0,0,0,0,0,1,0,0,0,0,0
1852697355776074040,0,0,0,0,0,0,0,0,0,0,0,0,0,0,0,0,0,0,0,0
1880688361876365415,1,1,0,1,0,1,0,1,1,1,1,0,0,0,1,1,1,0,0,1
1934141664953835848,1,0,0,1,1,0,1,1,1,0,0,0,0,0,1,1,1,0,1,1
1891437012017660363,0,0,0,1,0,0,0,0,1,0,0,0,0,0,1,0,1,0,0,0
1847049247570776464,0,0,0,0,0,0,0,0,0,0,0,1,0,0,0,0,0,0,0,0
1873312024819896631,0,0,1,0,0,0,0,0,0,0,0,1,0,1,1,0,0,0,0,0
1895534831477416445,0,0,0,0,0,0,0,0,0,0,0,0,0,0,0,0,0,0,0,0
1853210824615080417,1,0,0,0,0,1,0,1,0,0,0,0,0,0,1,0,0,0,1,0
1881215437767426369,0,0,0,1,0,0,0,0,1,0,0,0,0,1,1,1,1,0,0,0
1890109046721769560,1,0,0,1,0,1,0,1,0,0,0,0,0,0,1,0,1,0,0,1
1866101721807863912,1,0,0,0,0,1,0,1,0,0,0,0,0,0,1,0,0,0,0,0
1888434004858466723,0,0,0,0,0,1,0,0,0,0,0,0,0,0,1,0,0,0,0,0
1909218849813319883,0,0,0,0,0,0,0,0,0,0,0,0,0,0,0,0,0,1,0,0
1942930120919961882,0,0,0,0,0,0,0,0,0,0,0,0,0,0,0,0,0,0,0,0
1855127867400520168,1,0,0,0,0,1,0,1,0,0,0,0,0,0,1,0,0,0,0,0
1873152623504965685,0,0,0,0,0,1,0,0,0,0,0,0,0,0,1,0,0,0,0,0
1914282389150507235,1,0,0,1,0,1,0,1,1,0,0,0,0,0,1,0,1,0,0,1
1897678246642118781,0,1,0,0,0,1,0,0,1,0,1,0,0,0,1,0,0,0,0,0
1893094433127539179,0,1,0,0,0,0,0,0,1,0,1,0,0,0,1,0,0,0,0,0
1925164742684873145,0,0,0,0,0,0,0,0,1,0,0,0,0,0,1,0,0,0,0,0
1879332587094896812,0,1,0,0,0,0,0,0,1,1,1,0,0,0,1,0,0,0,0,0
1868456075793461564,0,0,0,0,0,0,0,0,0,0,0,0,0,0,1,0,0,0,0,0
1916202189703594049,0,0,0,0,0,0,0,0,0,0,0,0,0,0,0,0,0,0,0,0
1945453753231908956,0,0,0,0,0,1,0,0,0,0,0,0,0,0,1,0,0,0,0,0
1847045637348774162,0,0,0,0,0,0,0,0,0,0,0,0,0,0,0,0,0,0,0,0
1868840757148500444,1,0,0,1,1,1,1,1,0,0,1,0,0,0,1,1,1,1,1,1
1921994817023656057,0,0,0,0,0,0,0,0,0,0,0,0,0,0,0,0,0,0,0,0
1878781565813067858,0,0,0,0,0,0,0,0,0,0,0,0,0,0,0,0,0,0,0,0
1874256918157680935,0,0,0,0,0,0,0,0,0,0,0,0,0,0,0,0,0,0,0,0
1858932322902692112,0,0,0,0,0,0,0,0,0,0,0,0,0,0,0,0,0,0,1,0
1880656397593149615,0,0,0,0,1,0,1,0,0,0,0,0,0,1,0,1,0,1,1,0
1890110411221135559,0,0,0,1,1,0,0,1,0,0,1,0,0,0,1,1,1,1,1,1
1885585994855899206,0,0,0,0,0,0,0,0,0,0,0,0,0,0,0,0,0,0,0,0
1859308268755222811,1,0,0,1,1,0,1,1,0,0,0,0,0,0,0,1,1,1,1,1
1890795875942666633,0,0,0,1,0,0,0,0,0,0,1,0,0,0,1,0,1,0,1,0
1856929093889179801,0,0,0,0,0,0,0,0,0,0,0,0,0,0,0,0,0,0,1,0
1886570349560512788,0,0,0,0,1,0,0,1,0,0,0,0,0,0,0,0,1,1,1,1
1890731089624203592,0,0,0,1,0,0,1,0,0,0,0,0,0,0,1,1,1,0,1,0
1937491754602635280,0,0,0,0,0,0,0,0,0,0,0,0,0,0,0,0,0,0,1,0
1868732517421137953,0,0,0,0,0,0,0,0,0,0,0,0,0,0,0,0,0,0,1,0
1853223088995090620,0,0,0,0,0,0,0,0,0,0,0,0,0,0,0,0,0,0,0,0
1848069792428933282,0,0,0,0,0,0,0,0,0,0,0,0,0,1,0,0,0,0,0,0
1904155618476269589,0,0,0,0,0,0,0,0,0,0,0,0,0,0,0,0,0,0,0,0
1847622811575095743,0,0,0,0,0,0,0,0,0,0,0,0,0,0,0,0,0,0,1,0
1887918265478807583,0,0,0,0,0,0,0,0,0,0,0,0,0,0,0,0,0,0,0,0
1885760316199350398,0,0,0,0,0,0,0,0,0,0,0,0,0,0,0,0,0,0,0,0
1847803045079318828,0,0,0,1,0,0,0,0,0,0,0,0,0,0,1,1,1,0,1,0
1871241182111776876,0,0,0,0,0,0,0,0,0,0,0,0,0,0,1,0,0,0,0,0
1925174522254127194,0,0,0,0,0,0,0,0,0,0,0,0,0,0,0,0,0,0,0,0
1894551580994650570,0,0,0,1,1,0,0,0,0,0,0,0,0,0,0,1,1,1,1,0
1903776590326067391,0,1,0,1,1,0,0,0,0,1,1,0,0,0,0,1,1,1,1,0
1853027420040732959,0,0,0,1,1,0,0,0,0,0,0,0,0,0,1,1,1,1,1,0
1919013540330955232,1,0,0,1,0,1,0,1,0,1,0,0,0,0,0,1,1,1,0,0
1847027044669858036,1,1,0,1,1,1,0,1,0,1,1,0,0,0,0,1,1,1,1,0
1867191123879629024,0,0,0,1,0,0,0,0,0,0,0,0,0,0,0,1,1,1,0,0
1867009806319657378,0,0,0,1,0,0,0,1,0,0,0,0,0,0,0,1,1,1,0,0
1847514980565799338,0,0,0,1,0,0,0,1,0,0,0,0,0,0,0,1,1,1,0,0
1855675898554634476,0,0,0,1,1,0,0,1,0,0,0,0,0,0,1,1,1,1,1,1
1893458536975204363,0,0,0,1,1,0,0,0,0,0,0,0,0,0,1,1,1,1,1,0
1867006777197281379,0,0,0,1,0,0,0,1,0,0,1,0,0,0,1,1,1,0,1,0
1847092381122019788,0,0,0,1,0,0,0,0,0,0,0,0,0,0,0,1,1,1,0,0
1903425289155121374,0,0,0,1,0,0,0,0,0,0,0,1,0,0,0,1,1,0,0,0
1853058206337224939,1,0,0,1,1,1,0,1,0,0,0,0,0,0,0,1,1,1,1,0
1870272743825887360,0,0,0,1,0,0,0,0,0,0,0,0,0,0,1,1,1,1,0,0
1872878619384791395,0,0,0,0,1,0,0,0,0,0,0,0,0,0,0,0,0,1,1,0
1869602172931096988,1,0,0,1,1,1,1,1,0,0,0,0,0,0,0,1,1,1,1,0
1897990864615399431,0,0,0,0,1,0,0,0,0,0,0,0,0,0,0,1,0,1,1,0
1858123048089505923,0,1,0,1,0,0,0,0,0,1,1,0,0,0,1,1,1,1,0,0
1859661979490844938,0,0,0,0,0,0,0,0,0,0,0,0,0,0,0,0,0,1,0,0
1906324271858634931,0,0,0,1,1,0,0,0,0,0,0,0,0,0,1,0,1,1,1,0
1847873187410768251,0,0,0,0,1,0,0,0,0,0,0,0,0,0,0,1,0,1,1,1
1905238018006688054,1,0,0,1,1,1,0,1,0,0,1,0,0,0,1,1,1,1,1,0
1874855673818943730,0,0,0,0,1,0,0,0,0,0,0,0,0,0,0,0,1,1,1,0
1880416721942806968,1,0,0,1,1,1,1,1,0,0,0,0,0,1,0,1,1,1,1,0
1939859378263531577,0,0,0,0,0,0,0,0,0,0,0,0,0,0,0,0,1,0,0,0
1929572899452530877,0,0,0,0,1,0,0,0,0,0,0,0,0,0,0,1,0,0,1,1
1928429001254543742,0,0,0,0,0,0,0,0,0,0,0,0,0,0,0,0,0,0,0,1
1871725994710802678,0,0,0,0,0,0,0,0,0,0,0,0,0,0,0,0,0,0,0,1
1865106544234316204,0,0,0,0,1,0,0,0,0,0,0,0,0,0,0,0,0,0,1,1
1877373019552698655,0,0,0,0,1,0,0,1,0,0,0,0,0,0,0,0,0,0,1,1
1861847222993735931,0,0,0,1,1,0,0,0,0,0,0,0,0,0,0,1,1,0,1,1
1921546331350311176,0,0,0,0,0,0,0,0,0,0,0,0,0,1,0,0,0,0,0,0
1868171697922400263,1,0,0,0,1,0,1,1,0,0,0,0,0,0,0,0,0,0,1,1
1897871490126647322,0,0,0,0,1,0,0,0,0,0,0,0,0,0,0,0,0,0,1,1
1944698245374194098,0,0,0,0,0,0,0,0,0,0,0,0,0,1,0,0,1,0,0,0
1892644718833549319,0,0,0,0,1,0,0,1,0,0,0,0,0,0,0,0,1,0,1,1
1851248011034444036,0,0,0,0,0,0,0,0,0,0,0,0,0,1,0,0,0,0,0,0
1933495757073494306,1,0,0,0,1,0,1,1,0,0,0,0,0,0,0,0,0,0,1,1
1865738361308066152,1,0,0,1,1,0,1,1,0,0,0,0,0,0,1,1,0,1,1,1
1862008191346786364,0,0,0,0,0,0,0,0,0,0,0,0,0,0,0,0,0,0,0,1
1920802420814221581,1,0,0,1,1,0,1,1,1,0,0,0,0,0,0,1,1,1,1,1
1863092843302019406,0,0,0,0,1,0,0,0,0,0,0,0,0,1,0,0,0,0,1,1
1869002282094018804,0,0,0,0,0,0,0,0,0,0,0,0,0,0,0,0,0,0,0,1
1864292324270068221,0,0,0,0,0,0,0,0,0,0,0,0,0,1,0,0,0,0,1,0
1874869357295353947,0,0,0,0,0,0,0,0,0,0,0,0,0,0,0,0,1,0,0,0
1944370178189353258,0,0,0,1,1,0,0,1,0,0,0,0,0,0,1,1,1,1,1,1
1881686217680355523,0,0,0,0,1,0,0,0,0,0,0,0,0,0,0,0,0,0,1,1
1899515347646218476,0,0,0,0,1,0,0,0,0,0,0,0,0,0,0,0,0,0,1,1
1853909168706490404,0,0,1,0,0,0,0,0,0,0,0,1,1,1,0,0,0,0,0,0
1923331532317413419,0,0,0,0,1,0,0,1,0,0,0,0,0,0,1,0,0,0,1,1
1908396254310125970,0,0,0,0,0,0,0,0,0,0,0,0,0,0,0,0,1,0,0,0
1851066495352140008,1,0,0,1,1,1,0,1,0,0,0,0,0,0,1,1,0,0,1,1
1892377042483548573,1,0,0,0,0,1,0,1,0,0,0,0,0,0,0,0,1,0,1,0
1893013029865807996,0,0,0,0,0,0,0,0,0,0,0,0,0,0,0,0,0,0,0,1
1853467564778639777,0,0,0,0,0,0,0,0,0,0,0,0,0,0,1,0,0,0,0,0
1864459116875325457,0,0,0,0,0,0,0,0,0,0,0,0,0,0,0,0,1,0,0,0
1847441405393703406,0,0,0,1,0,0,0,1,0,0,0,0,0,0,1,1,0,0,1,0
1865466178908385352,0,0,0,1,0,0,0,0,1,0,0,0,0,1,1,0,1,0,1,0
1861560572577530173,0,0,0,0,0,0,0,0,0,0,0,0,0,0,0,0,0,0,0,0
1919987733813989605,1,0,0,1,1,1,0,1,0,0,0,0,0,0,1,0,1,0,1,1
1917917255230538029,0,0,0,0,0,0,0,0,0,0,0,0,0,0,0,0,0,0,0,0
1875611240820826398,1,0,0,1,1,1,1,1,1,0,0,0,0,0,1,1,1,1,1,1
1887248672317956102,0,0,0,1,0,0,0,0,1,0,0,0,0,0,1,1,1,0,1,0
1882946555591934427,1,0,0,1,1,1,1,1,0,0,0,0,0,0,1,1,1,0,1,1
1854252413785378826,0,0,0,0,1,0,0,0,0,0,0,0,0,0,0,0,0,1,0,1
1879567659727307044,1,0,0,0,1,1,0,1,0,0,0,0,0,0,1,0,0,0,1,1
1898418363245658550,0,0,0,0,0,0,0,0,0,0,0,0,0,0,0,0,1,0,0,0
1854871658739187844,0,0,0,0,0,0,0,1,0,0,0,0,0,0,0,0,0,0,0,1
1863814151967027301,0,0,0,0,0,0,0,0,0,0,0,0,0,0,1,0,0,0,0,0
1881163106208133405,1,0,0,1,1,1,1,1,0,0,0,0,0,0,1,0,1,0,1,1
1921530116427137113,0,0,0,0,0,0,0,1,0,0,0,0,0,0,0,0,0,0,0,0
1934110766829109752,1,0,0,0,1,1,1,1,0,0,0,0,0,0,1,0,0,0,1,1
1847260367740690654,0,0,0,0,1,0,0,0,0,0,0,0,0,0,1,0,0,0,1,1
1868535852747628809,0,1,0,1,1,0,0,1,1,1,1,0,0,0,1,0,1,0,1,1
1885470031405830268,1,0,0,0,0,1,0,1,0,0,0,0,0,0,1,0,0,1,0,0
1941102981199655114,1,1,0,1,1,1,1,1,1,1,0,0,0,0,1,1,1,1,1,1
1906206914486075868,0,0,0,0,0,0,0,0,0,0,0,0,0,0,0,0,0,0,0,0
1857935307037184194,0,0,0,0,0,0,0,0,0,0,0,0,0,0,0,0,0,1,0,0
1936766441308537059,1,1,0,1,1,1,1,1,0,1,1,0,0,0,1,1,1,1,1,1
1888027043746476539,0,0,0,0,0,0,0,0,1,0,0,0,0,0,1,0,0,1,0,0
1847986131163373845,0,0,0,0,0,0,0,0,0,0,0,0,0,0,0,0,0,0,0,0
1913408553471115568,0,0,0,0,0,0,0,0,0,0,0,0,0,0,0,0,0,0,0,0
1859582541281493161,0,0,0,0,0,0,0,0,0,0,0,0,0,0,0,0,0,0,0,0
1854282962277388366,0,0,0,1,0,0,0,0,0,0,0,0,0,0,1,0,1,1,0,0
1854192371753201687,0,0,0,0,0,0,0,0,0,0,0,0,0,0,0,0,1,1,0,0
1911034747087618410,0,0,0,0,1,0,0,1,0,0,0,0,0,0,0,0,0,0,1,1
1873890999644414453,1,0,0,0,1,1,1,1,0,0,0,0,0,0,1,0,0,1,1,1
1896173083184234689,0,0,0,1,0,0,0,1,0,0,0,0,0,0,1,0,1,0,0,0
1868527155279499557,0,0,0,1,1,0,0,0,1,0,0,0,0,0,1,0,1,1,1,0
1892916297697988973,0,0,0,1,0,0,0,1,0,0,0,0,0,0,1,0,1,1,0,0
1896802162640044120,0,0,0,0,0,0,0,1,0,0,0,0,0,0,1,0,0,1,0,0
1868390678008570185,1,0,0,1,1,1,1,1,0,0,1,0,0,0,1,1,1,1,1,1
1887080441607344132,0,0,0,1,0,0,0,0,0,0,0,0,0,0,1,0,1,1,0,0
1858387618670497880,0,0,0,1,1,1,0,0,0,0,0,0,0,0,1,1,1,1,1,0
1881006199182942566,0,1,0,1,1,1,0,0,1,1,1,0,0,0,1,1,1,1,1,0
1933286189286511078,1,0,0,1,1,1,1,1,0,0,0,0,0,0,1,1,1,1,1,1
1847045206446952595,0,0,0,0,1,0,0,0,0,0,0,0,0,0,1,0,0,1,1,0
1879722865001459989,1,0,0,1,1,1,1,1,0,0,0,0,0,0,1,1,1,1,1,0
1884948575567896615,0,0,0,0,0,0,0,0,0,0,0,0,0,0,1,0,0,0,0,0
1938569847622766880,0,0,0,0,0,0,0,0,0,0,0,0,0,0,0,1,0,0,0,0
1879395528716501299,0,0,0,0,0,0,0,0,0,0,0,0,0,0,0,1,0,0,1,0
1895509697689497694,0,0,0,0,0,0,0,0,0,0,0,0,0,0,0,1,0,0,0,0
1867277124651934198,0,0,0,1,0,1,0,0,0,0,0,0,0,1,1,1,0,0,1,0
1928399655269982320,0,0,0,0,0,0,0,0,0,0,0,0,0,0,0,0,0,0,0,0
1875255590785814779,0,0,0,0,0,0,0,0,0,0,0,0,0,0,0,0,0,0,0,0
1853422035365744925,0,0,0,0,0,1,0,0,0,0,0,0,0,0,1,0,0,0,1,0
1928059576689062149,0,0,0,0,0,0,0,0,0,0,0,0,0,0,0,0,0,0,0,0
1926966195283955983,0,0,0,0,0,0,0,0,0,0,0,0,0,0,0,0,0,0,0,0
1864912815233909142,0,0,0,0,0,0,0,0,0,0,0,0,0,0,0,1,0,0,0,0
1878121017073140090,0,0,0,0,0,0,0,0,0,0,0,0,0,0,0,0,0,0,0,0
1883623687124894176,0,0,0,0,0,0,0,0,0,0,0,0,0,0,0,0,0,0,0,0
1848076228059959725,0,0,0,0,0,0,0,0,0,0,0,0,0,0,0,0,0,0,0,0
1920451827411128536,0,0,0,0,0,0,0,0,0,0,0,0,0,0,0,0,0,0,0,0
1862296978593403042,0,0,0,0,0,0,0,0,0,0,0,0,0,0,0,0,0,0,0,0
1895451275443179786,0,0,0,0,0,0,0,0,0,0,0,0,0,0,0,0,0,0,0,0
1849073371188707622,0,0,0,0,0,0,0,0,0,0,0,0,0,0,0,0,0,0,0,0
1933269357112799413,1,0,0,0,1,1,0,1,0,0,0,0,0,0,1,0,0,1,1,0
1882231233935220993,1,0,0,0,0,1,0,1,0,0,0,0,0,0,1,0,0,1,0,0
1866102094828302781,0,0,0,0,1,1,0,0,0,0,0,0,0,0,0,0,0,1,1,0
1906587726343709084,0,0,0,1,0,1,0,0,0,0,0,0,0,0,1,1,0,1,0,0
1865985933780168720,0,0,0,0,0,0,0,0,0,0,0,0,0,0,0,0,0,0,0,0
1934947439175459152,1,0,0,0,1,1,0,1,0,0,0,0,0,0,1,0,0,1,1,0
1883254632413282467,0,0,0,0,0,0,0,0,0,0,0,0,0,0,0,0,0,0,0,0
1881219810597744975,0,0,0,0,0,1,0,0,0,0,0,0,0,0,0,0,0,1,0,0
1857861474145722515,0,0,0,0,0,0,0,0,0,0,0,0,0,0,0,1,0,0,0,0
1894124073711485188,0,0,0,0,0,0,0,1,0,0,0,0,0,0,0,0,0,0,0,0
1936402585520615655,1,0,0,1,1,1,1,1,0,0,0,0,0,0,1,1,0,1,1,1
1852697419877597674,0,0,1,0,0,0,0,0,0,0,0,1,0,1,0,1,0,0,0,0
1883228144599224579,0,0,0,0,0,0,0,0,0,0,0,0,0,0,0,0,0,0,0,0
1879556580741698024,0,0,0,0,0,0,0,1,0,0,0,0,0,0,0,0,0,0,0,1
1893887787528523985,0,0,0,0,1,0,1,0,0,0,0,0,0,0,0,1,0,1,1,1
1875617471732097071,1,0,0,0,1,1,1,1,0,0,0,0,0,0,0,1,0,1,1,1
1866830034247294994,0,0,0,1,0,0,0,0,0,0,0,0,0,1,1,1,0,0,0,0
1864903877306331540,0,0,0,0,0,0,0,0,0,0,0,0,0,0,0,0,0,0,0,1
1887743108563239280,0,0,0,0,0,0,0,0,0,0,0,0,0,0,0,0,0,0,0,1
1852516010395676781,0,0,0,0,0,0,0,0,0,0,0,0,0,0,0,0,0,0,0,0
1896174349704642710,0,0,0,0,1,0,0,0,0,0,1,0,0,0,0,1,0,1,0,1
1927312438023573931,0,0,0,0,0,0,0,1,0,0,0,0,0,0,0,0,1,0,0,1
1863658541405331489,0,0,0,0,0,0,0,0,0,0,0,0,0,0,0,0,0,0,0,1
1877790291073052986,1,0,0,0,1,1,1,0,0,0,0,0,0,0,0,0,1,1,1,0
1894722718639010203,0,0,0,0,0,0,0,0,0,0,0,0,0,0,0,0,0,0,0,1
1940877345625354736,0,0,0,0,0,0,0,0,0,0,0,0,0,0,0,0,0,0,0,0
1924439748216590722,0,0,0,1,1,0,0,0,0,0,0,0,0,0,0,1,1,1,0,1
1909218751083401355,0,0,0,1,0,0,1,0,0,0,0,0,0,0,0,1,1,1,0,0
1872981288405409820,0,0,0,1,0,0,0,0,0,0,0,0,0,0,1,1,0,1,0,0
1863659147461525613,0,0,0,0,0,0,0,0,0,0,0,0,0,0,0,0,0,0,0,0
1861028741037559829,0,0,0,0,0,0,0,0,0,0,0,0,0,0,0,0,0,0,0,0
1872081938607173704,1,0,0,1,1,1,1,0,0,0,0,0,0,0,1,1,0,1,0,1
1884585411500032304,0,0,0,0,0,0,1,0,0,0,0,0,0,0,0,0,0,0,0,1
1870538878530314728,1,0,0,1,0,1,1,0,1,0,0,0,0,0,1,1,1,0,0,0
1893807917863780786,0,0,0,0,0,0,0,0,1,0,0,0,0,1,1,0,0,0,0,0
1856577892160831986,0,0,0,0,0,0,0,0,0,0,0,1,0,0,0,1,0,0,0,1
1894783480975810788,0,0,0,0,0,1,0,0,0,0,0,0,0,0,1,0,0,0,0,1
1856774122552103053,0,0,0,0,0,0,0,0,0,0,0,0,0,0,0,0,1,0,0,0
1897075172399833399,0,0,0,0,0,0,0,0,0,0,0,0,0,0,0,0,0,0,0,1
1870179998952194297,0,0,0,1,0,1,0,0,1,0,0,0,0,0,0,1,1,0,0,0
1852153961941291179,0,0,0,1,0,0,0,0,1,0,0,0,0,0,1,0,1,0,0,0
1875236058582974771,,,,,,,,,,,,,,,,,,,,
1871535295923093702,0,0,0,0,0,0,0,0,0,0,0,0,0,0,0,0,0,0,0,1
1858948357294878870,0,0,0,1,1,0,0,0,0,0,0,0,0,0,1,0,1,0,1,1
1875226154816197016,0,0,0,0,0,0,0,0,0,0,0,0,0,0,0,0,1,0,0,1
1898901211731902481,0,0,0,0,0,0,0,1,0,0,0,0,0,1,0,1,0,0,0,0
1858384053298233634,0,0,0,0,0,1,0,0,0,0,0,0,0,0,0,0,0,0,0,1
1926228221780971723,1,0,0,1,0,1,0,1,1,0,0,0,0,1,1,1,0,0,0,0
1858130980290150802,0,0,0,0,0,0,0,0,0,0,0,0,0,0,0,0,0,0,0,1
1874430849527296486,0,0,0,0,0,0,0,0,0,0,0,1,0,0,0,0,0,0,0,1
1928847987767152761,1,0,0,1,0,1,1,1,1,0,0,0,0,0,1,1,1,0,0,1
1848348018631692600,0,0,0,0,0,0,0,0,0,0,0,0,0,0,1,0,0,0,0,1
1936580073374589084,1,0,0,1,0,1,1,1,0,0,0,0,0,0,1,1,0,0,0,1
1912768484829954398,0,0,0,0,0,0,0,0,0,0,0,0,0,0,0,0,0,0,0,1
1913553719679205632,0,0,0,1,0,1,0,0,0,0,0,0,0,0,1,0,1,0,0,0
1884780847275855946,0,1,0,1,0,1,0,0,1,1,1,0,0,0,1,1,0,0,0,1
1857302798045728884,0,0,0,0,0,0,0,0,0,0,0,0,0,0,0,0,1,0,0,0
1879689649012269213,0,0,0,0,0,0,0,0,0,0,0,0,0,0,0,0,1,0,0,0
1880961039401210147,0,0,0,1,0,0,0,0,0,0,0,0,0,0,1,0,1,0,0,1
1865559205870256388,0,0,0,0,0,0,0,0,0,0,0,0,0,0,0,0,1,0,0,0
1879126659598602576,0,0,0,0,0,0,0,0,0,0,0,0,0,0,0,0,1,0,0,0
1927696589906120784,0,0,0,0,0,0,0,0,0,0,0,0,0,0,0,0,1,0,0,0
1927707035275239602,0,0,0,0,0,0,0,0,0,0,0,0,0,0,0,0,0,0,0,1
1871425386632102181,0,0,0,0,0,0,0,0,0,0,0,0,0,0,0,0,1,0,0,0
1866827775488954764,1,0,0,0,1,0,1,1,0,0,0,0,0,0,0,0,0,0,1,1
1855052939661857231,0,0,0,0,0,0,0,0,0,0,0,0,0,0,0,0,1,0,0,0
1861483305385738334,0,0,0,0,0,0,0,0,0,0,0,0,0,0,0,1,0,0,0,1
1925127679898173490,0,0,0,0,0,0,0,0,0,0,0,0,0,0,0,0,1,0,0,1
1870348842505261393,0,0,0,1,0,0,0,0,0,0,0,0,0,1,1,1,0,0,0,0
1943999006083780718,0,1,0,1,0,0,0,0,0,1,1,0,0,0,1,1,1,0,0,0
1912085520110502196,0,0,0,1,0,0,0,0,0,0,0,0,0,0,0,1,1,0,0,0
1882837908073431327,0,0,0,1,0,0,0,0,0,0,0,0,0,0,0,1,1,0,0,1
1911943157291561219,0,0,0,0,0,0,0,0,0,0,0,0,0,0,0,0,0,0,0,1
1905596241955745856,1,0,0,1,0,0,1,1,0,0,1,0,0,0,1,1,1,0,1,0
1880850690182124006,0,1,0,1,0,0,0,0,0,1,1,0,0,0,1,1,0,0,0,1
1887573722732625966,0,0,0,0,0,0,0,0,0,0,0,0,0,0,0,0,0,0,0,1
1893280391781392469,1,0,0,0,1,1,1,1,0,0,0,0,0,0,0,0,0,1,1,0
1918651371215086079,0,0,0,0,0,0,0,0,0,0,0,0,0,0,0,0,0,0,0,1
1928786539456377321,1,0,0,0,1,1,1,1,0,0,0,0,0,0,0,0,0,0,1,1
1853437274660233369,0,0,0,1,0,0,0,0,0,0,0,0,0,0,1,1,1,0,0,0
1855231286866018552,0,0,0,0,0,0,0,0,0,0,0,0,0,1,0,1,0,0,1,0
1892895644987039915,0,0,0,0,0,0,0,0,0,0,0,0,1,0,0,0,1,0,1,0
1854690615684219040,0,0,0,0,0,0,0,1,0,0,0,0,0,0,0,0,0,0,0,1
1896436982081024209,1,0,0,0,1,1,0,1,0,0,0,0,0,0,0,0,1,1,1,0
1851425104170729539,0,0,0,0,0,0,0,0,0,0,0,0,0,0,0,0,0,0,0,0
1859565405821342000,0,0,0,0,0,0,0,0,0,0,0,0,0,0,0,0,0,0,0,0
1895545820281245735,0,0,0,0,0,0,0,0,0,0,0,0,0,0,0,0,0,0,1,0
1878111581889786176,0,0,0,0,0,0,0,0,0,0,0,0,0,0,0,0,0,0,0,0
1865523902106963969,0,0,0,0,0,0,0,0,0,0,0,0,0,0,1,0,0,0,0,0
1917904652496191555,0,0,0,0,0,1,0,0,0,0,0,0,0,0,0,0,0,1,0,0
1942138536783691887,0,0,0,0,0,0,0,0,0,0,0,0,0,0,1,0,0,0,1,0
1896602341224415515,0,0,0,0,0,0,0,0,0,0,1,0,0,0,1,0,0,0,0,0
1876794594890842618,0,0,0,1,0,0,0,0,0,0,0,0,0,0,1,1,0,0,0,0
1852907191998779818,0,0,0,0,0,0,0,0,0,0,0,0,0,0,0,0,0,0,0,0
1898612487815082087,0,0,0,1,1,0,0,0,0,0,0,0,0,0,1,1,1,1,1,0
1896232844525244586,0,0,0,1,1,0,1,0,0,0,0,0,0,0,1,1,1,1,1,0
1884042343088583097,0,0,0,0,0,0,0,0,0,0,0,0,0,0,0,0,0,0,0,0
1896563981579330047,0,0,0,0,0,0,0,0,0,0,0,0,0,0,1,0,0,0,0,0
1870813648446476724,0,0,0,0,0,0,0,0,0,0,0,0,0,0,0,0,0,0,0,0
1901443270338572391,0,0,0,0,0,0,0,0,0,0,0,0,0,0,0,0,1,0,0,1
1889657653900566971,1,0,0,0,1,0,1,1,0,0,0,0,0,0,0,1,0,1,1,0
1870367356410634536,0,0,0,0,0,0,0,0,0,0,0,0,0,0,0,0,0,0,0,0
1872255271248249200,1,0,0,0,1,1,1,0,0,0,0,0,0,0,0,1,0,1,1,0
1925168540383949114,0,0,0,1,0,0,0,0,0,0,0,0,0,0,1,0,1,0,1,0
1936033425749950607,0,0,0,0,0,0,0,0,0,0,0,0,0,0,0,0,0,0,0,0
1923693353280958623,0,0,0,0,0,0,0,0,0,0,0,0,0,0,0,0,0,0,0,0
1882358425360974112,0,0,0,0,0,0,0,0,0,0,0,0,0,0,0,0,0,0,1,0
1880329376488980986,0,0,0,0,0,0,0,0,0,0,0,0,0,0,0,0,0,0,0,0
1867811497025712414,0,0,0,0,0,0,0,0,0,0,0,0,0,0,0,0,0,0,0,0
1883562115115651205,1,0,0,0,1,1,1,1,0,0,0,0,0,0,0,0,0,1,1,0
1918968769524678856,0,0,0,0,0,0,0,0,1,0,0,1,0,0,1,0,0,0,0,0
1847713234242953401,0,0,0,0,0,0,0,0,0,0,0,0,0,0,1,0,0,0,0,0
1925156886736708087,0,0,0,0,1,0,0,0,0,0,0,0,0,0,0,0,0,1,1,0
1872628461376057489,0,0,0,0,0,0,0,0,0,0,0,0,0,0,0,0,0,0,0,0
1847974848120725827,0,0,0,0,0,0,0,0,0,0,0,0,0,0,0,0,0,1,0,0
1875458212679626808,0,0,0,0,1,1,0,0,0,0,0,0,0,0,1,0,0,1,1,0
1855958682078527609,,,,,,,,,,,,,,,,,,,,
1888749298269192423,0,1,0,0,0,0,0,0,0,1,1,0,0,0,1,0,0,0,0,0
1891140483688050757,0,0,0,0,0,0,0,0,0,0,0,0,0,0,0,0,0,0,0,0
1890925060648485046,0,0,0,0,0,0,0,0,0,0,0,0,0,0,0,0,0,0,0,0
1882502960376328241,0,0,0,1,0,0,0,0,0,0,0,0,0,0,1,1,0,0,0,0
1897812073159295267,0,0,0,0,0,0,0,0,0,0,0,0,0,0,0,0,0,1,0,0
1941358924038537758,1,0,0,0,1,1,1,1,0,0,0,0,0,0,0,0,0,1,1,0
1871060730889355480,0,0,0,0,0,0,0,0,0,0,0,0,0,0,0,0,0,0,0,0
1848438993983058238,0,0,0,0,0,0,0,0,0,0,0,0,0,0,0,0,0,0,0,0
1867917673775903032,0,0,0,0,0,0,0,0,0,0,0,0,0,0,0,0,0,0,0,0
1878849543069978975,0,0,0,0,0,0,0,0,0,0,0,0,0,0,0,0,0,0,0,0
1857407572522791389,0,0,0,0,0,0,0,0,0,0,0,1,0,0,0,0,0,0,0,0
1876960151359439050,0,0,0,0,0,0,0,0,0,0,0,0,0,0,0,0,0,1,0,0
1923347944763535482,0,0,0,0,0,0,0,0,0,0,0,0,0,0,0,0,0,0,1,0
1921295382354501967,1,0,0,0,1,1,1,0,0,0,0,0,0,0,0,0,0,1,1,0
1888393135316767124,0,0,0,1,1,0,0,0,0,0,1,0,0,0,1,1,0,1,0,1
1909865756818285040,0,0,0,0,0,0,0,0,0,0,0,0,0,0,0,0,0,0,0,0
1888160652537032980,1,0,0,1,0,1,1,1,0,0,0,0,0,0,1,1,0,0,1,0
1859300787358216660,0,0,0,0,0,0,0,0,0,0,0,0,0,0,0,0,0,0,0,0
1854689450011365794,,,,,,,,,,,,,,,,,,,,
1941831997195784350,0,0,0,1,1,0,0,0,1,0,0,0,0,0,1,0,1,0,1,1
1892227495677534437,0,0,0,0,0,0,0,0,0,0,0,0,0,0,1,0,0,0,0,0
1861114999013560687,1,0,0,1,0,1,1,1,0,0,0,0,0,0,1,1,0,0,1,0
1864897609636122909,0,0,0,0,0,0,0,0,0,0,0,0,0,0,1,0,0,0,0,0
1914301409522036746,0,0,0,0,0,0,0,0,0,0,0,0,0,0,0,0,0,0,0,0
1898436294608392551,0,0,0,0,0,0,0,0,0,0,0,0,0,0,0,0,0,0,0,0
1874166610514313570,1,0,0,1,0,1,1,0,1,0,0,0,0,0,1,1,0,0,1,0
1861483486374179304,0,0,0,1,0,0,0,0,0,0,0,0,0,0,1,1,0,0,0,0
1934578443515289791,0,0,0,1,0,0,0,0,1,0,0,0,0,0,1,1,1,0,0,0
1940754699747316156,0,0,0,0,0,0,0,0,0,0,0,0,0,0,1,0,0,0,0,0
1870281611549237442,0,0,0,0,0,0,0,0,0,0,0,0,0,0,1,0,0,0,0,0
1939659149102444920,1,0,0,1,0,1,1,1,0,0,0,0,0,0,1,1,1,0,1,0
1855227271344202096,1,0,0,0,0,1,0,1,0,0,0,0,0,0,1,0,0,0,0,1
1866680256901664863,1,0,0,1,0,1,1,0,0,0,0,0,0,0,1,1,0,0,1,0
1882865427401072649,0,0,0,0,0,1,0,0,0,0,0,0,0,0,1,0,0,0,1,0
1890921176014127612,0,0,0,0,0,0,0,1,1,0,0,0,0,0,1,0,0,0,1,0
1853799728376385896,0,0,0,0,0,0,0,0,0,0,0,1,0,0,1,0,0,0,0,0
1867907919750074452,0,0,0,0,0,1,0,0,0,0,0,0,0,0,0,0,0,0,0,0
1853617808841576891,0,0,0,0,0,0,0,0,0,0,0,0,0,0,1,0,0,0,0,0
1924209591384166586,1,0,0,0,1,1,1,0,0,0,0,0,0,0,1,0,0,0,1,1
1892590104004149302,0,0,0,1,0,0,1,0,0,0,0,0,0,0,1,1,0,0,1,0
1895276854053085359,0,0,0,0,0,0,0,0,0,0,0,0,0,0,1,0,0,0,0,0
1892373809941913643,0,0,0,1,1,0,0,1,0,0,0,0,0,0,1,0,1,0,1,1
1885703340090118647,1,0,0,0,1,1,1,1,0,0,0,0,0,0,0,1,0,1,0,1
1847614709207572549,0,0,0,0,0,0,0,0,0,0,0,0,0,0,0,0,0,0,1,0
1848703373744169218,0,0,0,1,0,0,0,0,0,0,0,0,0,1,1,1,0,0,0,0
1903779967948718217,1,0,0,1,0,0,1,1,0,0,0,0,0,0,1,1,0,0,0,1
1894855374332928385,0,0,0,0,0,0,0,0,0,0,0,0,0,0,0,0,0,0,0,0
1937854667435720916,0,1,0,0,0,0,0,0,1,1,1,0,0,0,0,0,0,0,0,1
1848239836278456499,0,0,0,0,0,0,0,0,0,0,0,0,0,0,0,0,0,0,1,0
1871170577244754046,0,0,0,0,0,0,0,0,0,0,0,0,0,0,0,0,0,0,0,0
1923691270267908553,0,1,0,1,1,0,0,1,0,1,1,0,0,0,0,1,1,1,0,1
1873353376060014949,0,0,0,0,0,0,0,0,0,0,0,0,0,0,0,0,0,0,0,0
1877697673093898335,0,1,0,0,0,0,0,0,1,1,1,0,0,0,0,0,0,0,0,1
1899335575926079893,1,0,0,1,0,0,1,1,0,0,0,0,0,0,0,1,1,0,0,1
1888017666310300077,0,1,0,0,0,0,0,0,1,1,0,0,0,1,0,0,0,0,0,0
1936297977389392285,0,0,0,0,0,0,0,1,0,0,0,0,0,0,0,0,0,0,0,0
1888527227907690749,0,0,0,1,0,0,0,0,0,0,0,0,0,0,0,1,1,0,0,0
1871722059505803308,0,0,0,0,0,0,0,0,0,1,0,0,0,0,0,0,0,0,0,0
1893735515775508645,0,0,0,0,0,0,0,0,0,0,0,0,0,0,0,0,0,0,0,0
1868457398115111077,0,0,0,0,0,0,0,0,0,0,0,0,0,1,0,0,0,0,0,0
1853996061834051847,0,0,0,0,0,0,0,0,0,0,0,0,0,1,0,0,0,0,0,0
1935237120647659745,0,0,0,0,0,0,0,1,0,0,0,0,0,0,0,1,0,0,0,1
1908313562386460721,0,0,0,0,0,0,1,0,0,0,0,0,0,0,0,0,0,0,0,1
1888678894129086817,1,0,0,0,1,0,1,1,0,1,0,0,0,0,0,1,0,1,0,1
1870450979604467724,0,0,0,0,0,0,1,0,0,1,0,0,0,0,0,1,0,0,0,0
1868820290131927298,0,0,0,1,1,0,1,0,0,0,0,0,0,0,0,1,1,0,1,1
1942909771046130136,0,1,0,0,0,0,0,0,1,1,1,0,0,1,0,0,0,0,0,0
1934568898227019809,0,0,0,0,0,0,1,0,0,0,0,0,0,0,0,0,0,0,0,1
1854086737167011858,0,0,0,0,0,0,0,0,0,0,0,0,0,0,0,0,0,0,1,0
1944375567127658742,1,0,0,0,0,1,1,1,0,0,0,0,0,0,0,0,0,1,0,0
1854868418664501375,0,0,0,0,0,0,0,0,0,0,0,0,0,0,0,0,0,0,0,1
1855233886307168512,0,1,0,1,0,0,0,0,0,1,1,0,0,0,1,1,1,0,0,0
1921039104369729563,1,1,0,1,0,1,1,0,0,1,1,0,0,0,1,1,0,1,0,0
1865699869790224500,0,0,0,0,0,0,0,0,0,0,0,0,0,0,0,0,0,0,0,0
1930970576832897431,0,0,0,0,0,0,0,0,0,1,0,0,0,1,1,0,0,0,0,0
1890382700814426482,0,1,0,1,1,0,0,0,1,1,0,0,0,1,1,1,0,1,1,0
1898362511444881774,0,0,1,1,0,0,0,0,0,1,0,1,0,1,1,1,0,0,0,0
1858727728222269793,0,0,0,0,0,0,1,0,0,0,0,0,0,0,0,1,0,0,0,1
1861286255780409775,0,0,0,0,0,0,0,0,0,0,0,0,0,0,0,0,0,0,0,0
1879769869207720220,0,0,0,0,0,0,0,0,0,0,0,0,0,0,0,1,0,0,0,1
1858948346070921572,0,0,0,0,0,0,0,0,0,0,0,0,0,0,0,0,0,0,0,0
1895542544383295796,0,0,0,1,0,0,0,0,0,1,0,0,1,0,0,1,1,0,0,0
1876768542877446323,0,0,0,0,0,0,0,0,0,0,0,0,0,1,0,0,0,0,0,0
1897149530161705364,0,0,0,0,0,0,0,0,0,0,0,0,0,0,0,0,0,0,0,1
1866721491867389988,0,0,0,0,1,0,0,0,0,0,0,0,0,0,0,0,0,0,1,1
1892016184595447911,0,1,0,0,0,1,0,0,0,1,1,0,0,0,1,0,0,1,0,0
1893995923954348229,0,0,0,0,0,0,0,0,0,0,0,0,0,0,0,0,0,0,0,1
1857755940851953711,0,0,0,0,0,0,0,0,0,0,0,0,0,0,0,1,0,0,0,1
1853044750468645004,0,0,0,0,0,0,0,0,0,0,0,0,0,0,0,0,0,0,0,0
1847056294274125877,0,0,0,0,0,0,0,0,0,0,0,0,0,0,0,0,0,0,0,1
1866101197213679968,1,0,0,0,0,1,1,1,0,0,0,0,0,0,1,0,0,1,0,0
1856766805324214412,0,0,0,0,0,0,0,0,0,0,0,0,0,1,0,0,0,0,0,0
1852334857306988821,0,0,0,0,0,0,0,0,0,0,0,0,0,0,0,0,0,0,0,1
1892169400867860716,0,0,0,0,0,0,0,0,0,0,0,0,0,0,0,0,1,0,0,0
1856576853491785889,0,0,0,1,0,0,0,0,0,0,1,0,0,0,1,1,0,0,0,0
1870900481633198448,0,0,0,1,0,0,0,0,0,0,1,0,0,0,1,1,0,0,0,0
1900518666430501053,0,0,0,0,0,0,0,0,0,0,0,0,0,0,0,0,0,0,0,1
1866642970566418570,0,0,0,1,0,0,0,1,0,1,0,0,0,0,1,1,1,0,0,1
1864174175759274364,0,0,0,0,0,0,0,0,0,0,0,0,0,0,0,0,1,0,0,0
1907005538325377382,0,0,0,1,0,0,0,1,0,0,1,0,0,0,1,1,0,0,0,0
1892553107478884533,1,0,0,1,1,1,1,1,0,1,0,0,1,0,1,1,0,1,1,1
1877065479832866944,0,0,0,1,0,0,0,1,0,0,0,0,0,0,1,1,0,0,0,1
1893540863986274732,1,0,0,0,0,0,1,1,0,0,0,0,0,0,1,0,0,0,0,1
1941482205429236089,0,0,0,0,0,0,0,0,0,0,0,0,0,0,0,0,0,0,0,1
1867544748761706936,0,0,0,0,0,0,0,0,0,0,0,0,0,0,0,0,0,0,0,0
1852772835908841633,0,0,0,0,0,0,0,0,0,0,0,0,0,0,1,0,0,0,0,1
1896901629968027777,0,0,0,1,0,0,0,1,0,0,0,0,0,0,1,1,1,0,0,1
1872157962594091394,0,0,0,0,0,0,0,0,0,0,0,0,0,0,0,0,0,0,0,0
1897079361339064635,0,0,0,0,0,0,0,0,0,0,0,0,0,0,0,0,0,0,0,1
1878022378283819516,1,0,0,1,1,1,1,1,0,0,0,0,0,0,1,1,0,1,1,1
1943422362478936388,0,0,0,0,0,0,0,0,0,0,0,0,0,0,0,0,1,0,0,0
1880598942356050175,0,0,0,0,0,0,0,0,0,0,1,0,0,0,0,0,0,0,0,1
1872990752193880244,1,0,0,0,1,1,1,1,0,0,0,0,0,0,1,0,0,1,1,1
1891602002477449558,1,1,0,1,1,1,1,1,0,1,1,0,0,0,1,1,0,1,1,1
1885626020121993624,0,0,0,0,0,0,0,0,0,0,0,0,0,0,0,0,1,0,0,0
1885301440786071716,1,0,0,1,1,1,1,1,0,0,0,0,0,0,1,1,0,0,1,1
1911752599918751828,0,0,0,0,0,0,0,0,0,0,0,0,0,0,0,0,0,0,0,0
1889386785102549418,0,0,0,1,0,0,1,0,0,0,0,0,0,0,1,0,1,0,1,0
1890196376774181012,0,0,0,0,0,0,0,0,0,0,0,0,0,0,0,0,0,1,0,0
1904152717481668732,0,0,0,1,0,0,0,0,0,0,0,0,0,0,1,1,1,0,1,0
1919860633115279501,0,0,0,0,0,0,0,0,0,0,0,0,0,0,0,0,0,0,0,0
1861756261865226285,0,0,0,0,0,0,0,0,0,0,0,0,0,0,0,0,1,0,1,0
1869095042675294452,0,0,0,0,0,0,0,0,0,0,0,0,0,0,0,0,0,0,0,0
1938929406132555915,1,1,0,1,1,1,1,1,1,1,0,0,0,0,1,1,1,1,1,1
1871731892472705456,0,0,0,0,0,0,0,0,0,0,0,0,0,0,0,0,0,0,1,0
1847155698855223504,0,0,0,0,0,0,0,0,0,0,0,0,0,0,0,0,1,0,1,0
1887376019243638997,1,0,0,1,1,1,1,0,0,0,0,0,0,0,1,0,1,1,1,1
1858837713522201039,0,0,0,1,0,1,0,0,0,0,0,0,0,0,1,0,1,1,0,0
1918127543737110864,1,0,0,1,1,1,1,1,0,0,0,0,0,0,1,1,0,0,1,1
1847515598365810780,0,0,0,0,0,0,0,0,0,0,0,0,0,0,0,0,0,0,1,0
1886392411040932176,0,0,0,0,0,0,0,0,0,0,0,0,0,0,0,0,0,0,0,0
1894905595880247542,,,,,,,,,,,,,,,,,,,,
1923358747268612165,0,0,0,1,0,0,1,0,0,0,0,0,0,0,1,1,1,0,0,0
1936147329268015353,0,0,0,0,0,0,0,0,0,0,0,0,0,0,0,0,0,0,0,0
1849798070189555926,0,0,0,0,0,0,0,0,0,0,0,0,0,0,0,0,0,0,0,0
1940032235047899215,1,0,0,0,1,1,1,0,0,0,0,0,0,0,1,0,0,1,1,1
1853298196186825149,0,0,0,0,0,0,0,0,0,0,0,0,0,0,0,0,1,0,1,0
1877191220994388401,1,0,0,0,1,1,0,1,0,0,0,0,0,0,0,0,0,1,1,1
1924292001337360388,0,0,0,0,0,0,0,0,0,0,0,0,0,0,0,0,1,0,0,0
1929622733018566905,0,0,0,0,0,1,0,0,0,0,0,0,0,0,0,0,0,0,0,0
1895634809340449209,0,0,0,0,0,0,0,0,0,0,0,0,0,0,0,0,1,0,1,0
1917451274833793530,0,0,0,1,0,0,0,0,0,0,0,0,0,0,1,1,1,0,0,0
1865194937597464892,0,0,0,0,0,0,0,0,0,0,0,0,0,0,0,0,1,0,1,0
1870537848212140137,0,0,1,0,0,0,1,0,0,0,0,1,1,1,0,0,0,0,0,0
1878100036195614750,0,0,0,0,0,0,1,0,0,0,0,0,0,1,0,1,0,1,0,0
1882022370933944375,0,0,0,0,0,0,0,0,0,0,0,0,0,0,0,0,0,0,1,0
1878879715940802906,0,0,0,0,0,0,0,0,0,0,0,0,0,0,0,0,0,0,0,0
1870514313938780507,0,0,1,0,0,0,0,0,0,0,0,1,0,1,0,1,0,0,0,0
1847977434383057291,0,0,0,0,0,0,0,0,0,0,0,0,0,0,0,1,0,0,0,1
1924772079318315442,0,0,0,0,1,0,0,0,0,0,0,0,0,0,0,0,0,1,1,0
1875712581312376935,0,1,1,0,0,0,1,0,1,1,0,1,1,1,0,0,0,0,0,0
1893633487023825301,0,0,0,0,0,0,0,1,0,0,0,0,0,0,0,0,0,0,0,0
1854086621379064238,0,0,0,0,0,0,0,0,0,0,0,0,0,0,0,1,0,0,0,0
1891360995911643392,0,0,0,0,1,0,0,0,0,0,0,0,0,0,0,0,0,1,1,1
1898968211972128891,1,0,0,0,1,1,1,1,0,0,0,0,0,0,0,0,0,1,0,1
1864746757026177206,0,0,0,1,0,0,0,0,0,0,0,0,0,0,1,1,1,0,1,0
1891643545024344455,0,0,0,0,0,1,0,0,0,0,0,0,0,0,1,0,0,1,0,0
1866360371097031012,1,0,0,1,1,1,1,1,0,0,0,0,0,0,1,1,0,1,1,1
1860305352488599914,,,,,,,,,,,,,,,,,,,,
1847100574451236915,0,0,0,0,0,0,0,0,0,0,0,0,0,0,0,1,0,0,0,0
1892053363748917398,1,0,0,0,1,1,1,1,0,0,1,0,0,0,1,0,0,1,0,1
1867801445464228018,0,0,0,0,0,0,0,0,0,1,0,0,1,0,1,0,0,0,0,0
1866103707097866432,0,0,0,0,0,0,0,0,0,0,0,0,0,0,0,0,0,0,0,0
1933868199616880794,0,0,0,0,1,0,1,0,0,0,0,0,0,0,0,0,0,0,1,1
1858133028414832861,1,0,0,0,1,1,1,0,0,0,0,0,0,0,1,0,0,0,1,1
1862206223824699827,1,0,0,1,1,0,1,1,0,0,0,0,0,0,1,1,0,0,1,1
1857661241629589930,0,0,0,0,0,0,0,0,0,0,0,1,0,0,0,0,0,1,0,0
1887731574277337595,0,1,0,0,0,0,1,0,1,1,1,0,0,0,0,1,0,0,0,0
1896634956551512563,0,0,0,0,0,0,0,0,0,0,0,0,0,0,0,0,0,1,0,0
1897573794916471207,0,0,0,0,0,0,0,0,0,0,0,0,0,0,0,0,0,1,0,0
1864825077969174528,0,0,0,0,1,0,1,0,0,0,0,0,0,0,0,1,0,1,1,0
1886754783890931804,0,0,0,0,1,0,1,0,0,0,0,0,0,0,0,0,0,1,0,1
1938355506193596923,1,0,0,1,0,0,1,1,0,0,0,1,0,0,0,1,1,0,0,0
1897762575602831654,0,0,0,0,0,0,0,0,0,0,0,0,0,0,0,0,0,0,0,0
1860393896280297595,0,0,0,0,1,0,0,0,0,0,0,0,0,0,0,0,1,1,1,0
1861122791291977944,0,0,0,0,0,0,1,0,0,0,0,0,0,0,0,1,0,1,0,0
1849254628891795787,0,0,0,1,0,0,0,0,0,0,0,0,0,0,1,0,1,0,0,0
1900483927246086634,0,0,0,0,0,0,0,0,0,0,0,0,0,0,1,0,0,0,0,0
1870568929074237496,0,0,0,0,0,0,0,0,1,0,0,0,0,0,0,0,0,0,0,1
1908857068322480566,0,0,0,0,1,0,0,0,0,0,0,0,0,0,1,0,0,1,1,1
1937717793232703736,0,0,0,0,1,0,0,0,1,0,0,0,0,0,0,0,0,1,0,1
1888209641634500942,1,0,0,1,0,0,1,1,0,0,0,0,0,0,0,1,1,0,1,0
1847128175769538776,0,0,0,0,0,0,0,0,0,0,0,0,0,0,0,0,0,0,0,0
1904867785890566472,0,0,0,0,1,0,0,0,0,0,0,0,0,0,0,0,0,1,1,0
1889103488120209827,0,0,0,1,1,0,1,0,0,0,0,0,0,0,1,1,0,0,1,1
1890193319558570323,0,0,0,0,1,0,0,0,0,0,0,0,0,0,0,0,0,1,0,1
1885452246936170530,0,0,0,0,0,0,0,0,0,0,0,0,1,0,1,0,0,0,0,0
1913190754819752263,0,0,0,0,0,0,0,0,0,0,0,0,0,0,0,0,0,0,0,1
1890743031277465771,0,0,0,0,0,0,0,0,0,0,0,1,0,0,0,0,0,0,0,0
1927702793437012094,0,0,0,0,0,0,0,0,0,0,0,0,0,0,0,0,0,0,0,0
1892185380692082859,0,0,0,0,1,0,0,0,0,0,0,0,0,0,0,0,0,1,0,1
1860028283204829603,1,0,0,0,0,1,1,0,0,0,0,0,0,0,0,1,0,0,1,0
1870396542634308012,0,0,0,0,0,0,0,0,0,0,0,0,0,0,0,0,0,0,0,0
1864498213060854262,0,0,0,0,0,0,0,0,0,0,0,0,0,0,0,0,0,0,1,0
1937983473668788667,1,0,0,0,1,1,1,0,0,0,0,0,0,0,1,0,0,1,1,1
1938925073165066440,0,0,0,0,0,0,0,0,0,0,0,0,0,0,0,0,0,0,0,0
1882771770534658389,0,0,0,1,1,1,0,0,0,0,1,0,0,0,1,1,1,1,0,1
1880232229533598092,0,0,0,0,0,0,0,0,0,0,0,0,0,0,0,0,0,0,0,0
1879598927974142161,0,0,0,0,0,0,0,0,0,0,0,0,0,0,0,0,0,0,1,0
1922250453837856795,,,,,,,,,,,,,,,,,,,,
1882269007958745385,0,0,0,0,0,0,0,0,0,0,0,0,0,0,0,0,0,0,0,0
1847155033164386731,0,0,0,0,0,0,0,0,0,0,0,0,0,0,0,0,0,0,0,0
1880379832581910542,0,0,0,0,0,0,0,0,0,0,0,0,0,0,1,0,0,0,0,0
1915360262376345955,0,0,0,0,0,0,0,0,0,0,0,0,0,0,0,0,0,0,0,0
1895432295764693032,0,0,0,0,0,0,0,0,0,0,0,1,0,0,1,0,0,0,1,0
1934230498165092567,0,0,0,0,0,0,0,0,0,0,0,0,1,0,1,0,0,0,0,0
1857227094847086773,0,0,0,0,0,0,0,0,0,0,0,0,0,0,0,0,0,0,0,0
1882828025089392701,1,0,0,0,0,1,0,1,0,0,0,0,0,0,0,0,0,0,0,1
1888253134222569767,0,0,0,0,0,0,0,0,0,0,0,0,0,0,0,0,0,0,0,0
1901958973655253396,0,0,0,0,0,0,1,0,0,0,0,0,0,0,0,0,1,0,0,0
1936396812342161696,0,0,0,1,0,0,0,0,0,0,0,0,0,0,1,1,1,0,1,0
1858027057734889475,0,0,0,0,0,0,0,0,0,0,0,0,0,0,0,0,0,0,0,0
1891097148227264956,0,0,0,0,0,0,0,0,0,0,0,0,0,0,1,0,0,0,1,0
1887827166731317375,1,0,0,1,0,0,1,1,0,0,0,0,0,0,1,1,0,0,1,0
1870452053061091423,0,0,0,1,0,0,1,0,0,0,0,0,0,0,1,1,0,0,1,0
1932771677085061512,0,0,0,1,0,0,0,0,0,0,1,0,0,0,1,0,1,0,1,0
1871359236309233904,0,0,1,0,0,0,0,0,0,0,0,1,0,1,0,1,0,0,0,0
1848239523601187034,0,0,0,1,0,1,0,0,0,0,0,0,0,0,1,1,0,0,0,1
1858857838342213905,0,0,0,0,0,1,0,0,0,0,0,0,0,0,0,0,0,0,0,0
1858004669982978532,,,,,,,,,,,,,,,,,,,,
1847701318888005928,0,0,0,0,1,0,0,0,0,0,0,0,0,0,0,0,0,1,0,1
1847431017583259732,0,0,0,1,0,1,0,0,0,0,0,0,0,0,1,1,1,0,0,0
1910301600159060031,0,0,0,1,0,1,0,0,1,0,0,0,0,0,1,1,1,1,0,0
1857136448623038891,0,0,0,0,0,1,0,0,0,0,0,0,0,0,0,0,0,0,0,0
1856774067552227697,0,0,0,0,0,0,0,0,0,0,0,0,0,0,0,0,1,0,0,0
1940746262267285811,0,0,0,0,0,0,0,0,0,0,0,0,0,1,0,0,0,1,0,0
1866558648324895114,1,0,0,1,1,1,1,1,0,0,0,0,0,0,1,1,1,1,1,0
1847349065832399043,0,0,0,1,0,0,0,0,0,0,0,0,0,0,1,0,1,0,0,0
1889987752390971735,0,0,0,0,0,0,0,0,0,0,0,0,0,0,1,0,0,0,0,0
1887847733991817310,0,0,1,0,0,0,0,0,0,0,0,1,0,1,0,1,0,0,0,0
1867624666455548242,0,0,0,0,1,0,0,0,0,0,0,0,0,0,0,0,0,1,0,1
1866082985243533736,0,0,0,0,0,0,0,0,0,0,0,0,0,0,1,0,0,1,0,0
1872713440831459675,0,0,1,0,0,1,0,0,0,0,0,1,0,1,0,1,0,0,0,0
1926896173597483081,0,0,0,0,0,0,0,0,0,0,0,0,0,0,0,0,0,0,0,0
1865226888328741198,0,0,0,0,0,1,0,0,0,0,0,0,0,0,0,0,0,0,0,1
1853452156491206867,0,0,0,0,0,0,0,0,0,0,0,0,0,0,0,0,0,0,0,0
1907706045306220652,1,0,0,0,0,1,1,1,1,0,0,0,0,0,0,1,0,0,0,0
1876501722014597529,1,0,0,0,1,1,1,1,1,0,0,0,0,0,0,1,0,1,1,1
1887378360587657713,0,0,0,0,0,0,0,0,0,0,0,0,0,0,1,0,0,0,0,0
1923150184055287973,0,0,0,0,1,1,0,0,0,0,0,0,0,0,0,0,1,1,0,1
1872435999747539058,0,0,0,0,0,0,0,0,1,0,0,0,0,1,0,1,0,0,0,0
1879875528410444278,0,0,0,0,0,0,0,0,0,0,0,0,0,0,0,0,0,0,0,0
1867064070001868843,1,0,0,1,0,1,1,1,0,0,0,0,0,0,1,0,1,1,0,0
1863023156534894839,0,0,0,0,0,0,0,0,0,0,0,0,0,0,0,0,0,1,0,0
1927327660406935842,0,0,0,0,0,0,0,0,0,0,0,0,0,0,0,0,0,1,0,0
1874914006080848371,0,0,0,0,0,0,0,0,0,0,0,0,0,0,0,0,1,1,0,0
1904703746463977848,0,0,0,0,0,0,0,0,0,0,0,0,0,0,1,0,0,1,0,0
1866350639800070528,0,0,0,0,0,0,0,0,0,0,0,0,0,0,0,0,0,0,0,0
1934587636355940705,0,0,0,0,0,0,0,0,0,0,0,0,0,0,0,0,0,0,0,0
1911034675105038641,0,0,0,0,0,0,0,0,0,0,0,1,0,0,0,0,0,0,0,0
1849979012728168513,0,0,0,1,1,0,1,0,0,0,0,0,0,0,1,0,1,1,0,1
1853709012669522412,0,0,0,0,0,0,0,0,0,0,0,0,0,0,0,0,0,0,0,0
1869255023588466726,0,1,0,0,1,0,0,0,1,1,0,0,0,0,0,0,0,1,0,1
1877413865526378966,0,0,0,0,0,0,0,0,0,0,0,0,0,0,0,0,0,0,0,0
1915993386839904410,0,0,0,0,0,0,0,0,0,0,0,0,0,0,0,0,0,0,0,0
1880049559470239916,0,0,0,0,0,0,0,0,0,0,0,0,0,0,0,0,0,0,0,0
1857770681011740758,0,0,0,0,0,0,0,0,0,0,0,0,0,0,0,0,0,0,0,0
1928922875769012400,0,0,0,0,0,0,0,1,0,0,0,0,0,0,0,0,0,0,0,1
1906302970624397565,0,0,0,0,1,0,0,1,0,0,0,0,0,0,0,0,0,1,0,1
1860027415805985035,0,0,0,0,0,0,0,0,0,0,0,0,0,0,0,0,0,0,0,1
1893373766488518923,0,0,0,0,0,0,0,1,0,1,0,0,0,0,0,0,0,1,0,0
1896531731806671123,0,0,0,0,0,0,0,0,0,0,0,0,0,0,0,0,0,0,0,0
1914301583765934446,0,1,0,1,1,0,0,1,0,1,1,0,0,0,1,0,1,1,0,1
1931603639430447352,0,0,0,0,0,0,0,0,0,0,0,0,0,0,0,0,0,0,0,0
1887380633824944291,0,0,0,0,0,0,0,0,0,0,0,0,0,0,0,1,0,1,0,0
1888380692481876199,0,0,0,0,0,0,0,0,0,1,0,1,0,0,0,0,0,0,0,0
1899330697304895869,0,0,0,1,1,0,1,0,0,0,0,0,0,1,1,1,0,1,1,0
1858584982106865922,0,0,0,0,0,0,0,0,0,0,0,0,0,0,0,0,0,0,0,0
1861737666095591744,0,0,0,0,0,0,0,0,0,0,0,0,0,0,0,0,1,0,0,0
1848222438380945595,0,0,0,0,1,0,0,0,0,0,0,0,0,0,0,0,0,0,1,1
1943627794010833071,0,0,0,0,1,0,0,0,0,0,0,0,0,0,0,1,0,0,1,1
1883585273822597530,0,0,0,0,0,0,0,0,0,0,0,0,0,0,0,0,1,0,1,0
1890490214810066998,0,0,0,0,0,0,0,0,0,0,0,0,0,0,0,0,0,0,0,1
1866101544569229580,1,0,0,0,1,0,1,1,0,0,0,0,0,0,0,0,0,0,1,1
1875800749344735235,0,1,0,0,0,0,0,0,1,1,0,0,0,1,0,1,0,0,1,0
1872715340003852464,0,0,0,0,0,0,0,0,0,0,0,0,0,0,1,0,0,0,0,1
1859308481183944907,0,0,0,0,0,0,0,0,0,0,0,0,0,0,0,0,1,0,0,0
1873958924841607305,1,0,0,1,1,1,1,1,0,0,0,0,0,0,1,0,1,1,1,1
1871322466707976513,0,0,0,0,0,0,0,1,0,0,0,0,0,0,0,0,0,0,0,1
1891976981027201107,0,0,0,1,0,0,0,0,0,0,0,0,0,0,1,0,1,0,1,0
1885310757560066184,0,0,0,0,1,0,0,1,0,0,0,0,0,0,0,0,0,0,1,1
1906307242506199418,0,0,0,0,0,0,0,0,0,0,0,0,0,1,0,0,0,0,0,0
1862736988052324664,0,0,0,0,0,0,0,0,0,0,0,0,0,1,1,0,0,0,0,0
1875222094473990622,0,0,0,1,1,0,0,0,0,0,0,0,0,0,1,1,1,0,1,1
1872197418827342153,0,0,0,0,0,0,0,1,0,0,0,0,0,0,0,0,0,0,0,0
1912238619269472423,1,0,0,1,1,1,0,1,0,0,0,0,0,0,1,0,1,1,1,1
1881775554325819757,1,0,0,0,1,1,1,1,0,0,0,0,0,0,1,0,0,1,1,1
1853996022323667073,0,0,0,0,0,0,0,0,0,0,0,0,0,0,0,0,1,0,0,0
1926129960059539461,1,0,0,1,1,1,1,0,0,0,0,0,0,0,1,1,0,1,1,1
1932423034071367870,0,0,0,0,1,0,0,1,0,0,0,0,0,0,0,0,0,0,1,1
1854282985060585667,1,0,0,0,1,0,1,1,0,0,0,0,0,0,0,0,0,0,1,1
1887834278731403587,0,0,0,1,1,0,0,1,0,0,1,0,0,0,0,1,1,1,1,0
1853120038716268987,0,0,0,0,0,0,0,0,0,0,0,0,0,0,0,0,0,0,0,0
1893635196932833669,0,0,0,0,1,0,0,1,0,0,0,0,0,0,0,0,0,1,0,1
1877596175865434145,0,0,0,0,0,0,0,0,0,0,0,0,0,0,0,0,0,0,0,0
1860850847615254897,0,0,0,0,0,0,0,0,0,0,1,0,0,0,1,0,0,0,0,0
1892015183146504256,0,0,0,0,0,0,0,0,0,0,0,0,0,0,0,0,0,0,0,1
1898824995612033357,0,0,0,0,0,0,0,1,0,0,0,0,0,0,0,0,1,0,0,0
1853512855930511560,0,0,1,0,0,0,0,0,0,0,0,1,0,1,1,0,0,0,0,0
1882949801383469441,0,0,0,0,1,0,0,0,0,0,0,0,0,0,0,0,0,1,0,1
1883094107368849685,0,0,0,0,0,0,0,0,0,0,0,0,0,0,0,0,1,0,0,0
1899080324832756045,0,0,0,0,0,0,0,0,0,0,0,0,0,0,0,0,0,0,0,0
1907773213775638690,0,0,0,0,0,0,0,0,0,0,0,0,0,0,0,0,1,0,0,0
1881906070882316605,0,0,0,0,0,0,0,1,0,0,0,0,0,0,0,0,1,1,0,0
1878878921594417428,0,0,0,1,0,0,0,0,0,0,0,0,0,0,1,1,1,1,0,0
1867796631170822500,0,0,0,0,0,0,0,0,0,0,0,0,0,0,0,0,0,0,0,0
1852334778386882744,0,0,0,0,0,0,0,0,0,0,0,0,0,0,0,0,0,0,0,0
1911365097861063070,1,0,0,0,1,1,1,1,0,0,0,0,0,0,0,1,0,1,0,1
1893605651953148129,0,0,0,0,0,0,0,0,0,0,0,0,0,0,0,0,1,0,0,0
1938570082952843459,0,0,0,0,0,0,0,0,0,0,0,0,0,0,0,0,1,0,0,0
1904145348962173296,0,0,0,0,1,0,0,0,0,0,0,0,0,0,0,0,0,1,0,1
1882191220753256552,0,0,0,0,0,0,0,0,0,0,0,0,0,0,0,0,0,0,0,0
1847154576115499508,0,0,0,0,0,0,1,0,0,0,0,0,0,0,0,0,1,0,0,0
1939304815344996819,0,0,0,1,0,0,1,0,0,0,0,0,0,0,1,0,1,0,0,0
1894614170269618616,0,0,0,1,0,0,0,0,0,0,0,0,0,0,1,0,1,1,0,0
1858948122136731691,0,0,0,0,1,0,0,0,0,0,0,0,0,0,0,0,1,1,0,1
1896172941169279484,0,0,0,0,0,0,0,1,0,0,0,0,0,0,0,0,0,0,0,1
1863456003125379442,0,0,0,1,0,0,0,0,0,0,0,0,0,0,1,0,1,0,0,0
1929374492591301068,0,0,0,0,0,0,0,1,0,0,0,0,0,0,0,0,0,0,0,1
1848348075909062666,0,0,0,0,0,0,0,0,0,0,0,0,0,0,0,0,1,0,0,0
1945453614597570572,1,0,0,0,1,0,1,1,0,0,0,0,0,1,0,0,1,1,0,1
1872073882318102926,0,0,0,0,0,0,0,0,0,0,0,0,0,0,0,0,1,0,0,0
1856500813956305369,0,0,0,0,0,0,0,0,0,0,0,0,0,0,0,0,1,0,0,0
1893527688578469937,0,0,0,0,0,0,0,1,0,0,0,0,0,0,0,0,0,0,0,1
1897481383850991923,0,0,0,0,0,0,0,1,0,0,0,0,0,0,0,0,1,0,0,0
1898438170653479055,0,0,0,1,0,0,0,0,0,0,0,0,0,0,1,1,1,0,1,0
1877955838499037346,,,,,,,,,,,,,,,,,,,,
1880225428998336764,0,0,0,0,0,0,0,0,0,0,0,0,0,0,0,0,1,0,0,0
1916753302210945218,0,0,0,0,0,0,0,1,0,0,0,0,0,1,0,0,0,0,0,0
1901960314792390942,0,0,0,0,0,0,0,0,0,0,0,0,0,0,0,0,1,0,0,0
1889185157367644514,0,0,0,1,0,0,0,0,0,0,1,0,0,0,1,0,1,0,0,0
1869685789866791151,0,0,0,0,0,0,0,0,0,0,0,0,0,0,0,0,1,0,0,0
1940926602239791244,0,0,0,1,0,0,0,0,0,0,1,0,0,0,1,1,0,0,0,1
1926237384061911366,0,0,0,1,1,0,0,1,0,0,0,0,0,0,1,0,1,1,0,1
1893367125160423454,0,0,0,1,1,0,0,0,0,0,0,0,0,0,1,1,0,1,0,1
1943815387734298999,1,0,0,1,1,0,1,1,0,1,0,0,0,0,1,0,1,1,1,0
1874257733450616971,0,0,0,0,0,0,0,0,0,0,0,0,0,0,0,0,0,0,0,1
1933495289190756588,0,0,0,0,0,0,0,0,0,0,0,0,0,0,0,0,0,0,0,1
1858299077617705047,0,0,0,0,0,0,0,0,0,0,0,0,0,0,0,0,0,0,0,1
1878599514061492424,0,0,0,1,1,0,0,1,0,0,0,0,0,0,0,1,1,1,1,0
1899535987912454543,0,0,0,0,0,0,0,1,0,0,0,0,0,0,0,0,0,0,0,1
1883497518983737673,0,0,0,0,0,0,0,0,0,0,0,0,0,0,0,0,1,1,0,0
1941588400689000671,1,0,0,1,0,1,1,1,0,0,0,0,0,0,1,1,0,0,0,0
1869610331192074302,0,0,0,1,0,1,0,0,0,0,0,0,0,0,1,1,0,0,0,1
1867799196709138641,0,0,1,0,0,0,0,0,0,0,0,1,0,1,0,0,0,0,0,0
1847872551910871267,0,0,0,0,0,0,0,0,0,0,0,0,0,0,0,0,0,0,0,0
1941113151803842633,0,0,0,0,0,0,0,1,0,0,0,0,0,0,0,0,0,0,0,0
1884397079096594463,0,0,0,0,0,0,0,1,1,0,0,0,0,0,1,0,0,0,0,0
1921885540636413980,0,0,0,0,0,0,0,1,0,0,0,0,0,0,1,0,0,0,0,1
1871903817954124084,0,0,0,1,0,0,0,0,0,0,0,0,0,0,1,0,1,0,0,0
1852153891841774038,0,0,0,0,0,0,0,0,0,0,0,0,0,0,0,0,0,0,0,0
1863461920239505702,0,0,0,0,0,1,0,0,0,0,0,0,0,0,0,0,0,0,0,1
1861196361388933428,0,0,0,0,0,0,0,0,0,0,0,0,0,0,0,0,0,0,0,0
1881413861594878220,0,0,0,0,0,0,0,0,1,0,0,0,0,0,0,0,0,0,0,1
1932416899960258580,1,0,0,0,0,1,1,1,0,0,0,0,0,0,1,0,0,0,0,0
1894854693337403701,1,0,0,1,0,1,1,0,0,0,0,0,0,0,1,1,1,0,0,0
1893372481185972511,1,0,0,1,0,1,1,1,0,0,0,0,0,0,1,1,1,0,0,0
1876793793422221519,0,1,0,0,0,0,0,0,1,1,1,0,0,1,1,0,0,0,0,0
1924433815398965625,1,0,0,1,0,1,1,1,1,0,0,0,0,0,1,1,0,0,0,0
1853588144949477484,0,0,0,0,0,0,0,0,0,0,0,0,0,0,0,0,0,0,0,0
1876504323116695790,0,0,0,1,0,0,0,1,1,0,0,0,0,0,1,0,1,0,0,0
1848166767367209162,0,0,0,1,0,0,0,0,0,0,0,0,0,0,1,1,0,0,0,1
1859220202677821533,0,0,0,1,0,0,0,0,0,0,0,1,0,0,1,0,1,0,0,0
1856857234510168185,1,0,0,1,0,1,1,1,1,0,0,0,0,0,1,1,1,0,0,0
1917559888055787833,1,1,0,1,0,1,0,1,1,1,0,0,0,0,1,1,1,0,0,0
1862010724937322640,0,0,0,1,0,0,0,0,1,0,0,0,0,0,1,1,1,1,0,0
1862657428782735800,1,0,0,0,1,1,1,1,0,0,0,0,0,0,0,1,0,0,1,1
1868889385963585994,1,0,0,1,1,1,1,0,0,0,0,0,0,0,0,1,1,1,0,1
1921399977504305349,0,0,0,1,1,0,0,0,0,0,0,0,1,0,1,0,1,0,1,1
1873903787422998605,0,0,0,0,0,0,0,0,0,0,0,0,0,0,0,0,0,0,1,0
1847049440320016636,0,0,0,1,0,0,0,0,0,0,0,0,0,0,1,0,1,0,1,0
1900531846028439773,0,0,0,0,0,0,0,0,0,0,0,0,0,0,0,0,0,0,1,0
1895499433497989520,0,0,0,0,1,0,0,0,0,0,0,0,0,0,0,0,0,1,0,1
1875705000690893010,0,0,0,0,1,1,0,0,0,0,0,0,0,0,1,0,0,1,1,1
1861976639543955667,0,0,0,0,0,0,0,0,0,0,0,0,0,0,0,0,0,0,0,0
1863023556806000801,0,0,0,0,0,0,0,0,0,0,0,0,0,0,0,0,0,0,0,0
1863657976138977674,0,0,0,0,0,0,0,0,0,0,0,0,0,0,0,0,0,0,0,0
1869790314501943754,1,0,0,1,1,0,1,1,0,0,0,0,0,0,1,1,1,0,1,1
1865986201297244173,1,0,0,0,1,1,1,1,0,0,0,0,0,0,0,1,0,1,1,1
1863745334632952243,0,0,0,0,1,0,0,0,0,0,0,0,0,1,1,0,0,0,1,1
1866082897448317326,0,0,0,0,0,0,0,0,0,0,0,0,0,0,0,0,0,0,0,0
1852697286809194906,0,0,0,0,0,0,0,0,0,0,0,0,0,0,0,0,0,0,0,0
1882955496283590709,1,0,0,0,1,0,1,1,0,0,0,0,0,0,0,0,0,1,1,1
1895522315947164137,0,0,0,1,1,0,0,0,1,0,0,0,0,0,1,0,1,0,1,1
1854041375924269399,0,0,0,0,0,0,0,0,0,0,0,0,0,0,0,0,0,0,0,0
1852818019497501082,0,0,0,0,0,0,0,0,0,0,0,0,0,0,0,0,0,0,0,0
1866532710610768013,0,0,0,0,0,0,0,0,0,0,0,0,0,0,0,0,0,0,0,0
1895262821384155429,0,0,0,0,0,0,0,0,0,0,0,0,0,0,0,0,0,0,0,0
1852153600320893335,0,0,0,0,0,0,0,0,0,0,0,0,0,0,0,0,0,0,0,0
1898793295750320502,0,0,0,0,1,0,0,0,0,0,0,0,0,0,1,0,0,0,1,1
1853407236670079228,0,0,0,0,0,0,0,0,0,0,0,0,0,0,0,0,0,0,0,0
1887938100351091164,1,0,0,0,1,1,1,1,0,0,0,0,0,0,0,0,0,1,1,1
1925954558582194383,0,0,0,0,0,0,0,0,0,0,0,0,0,0,0,0,0,1,0,0
1847622864096408034,0,0,0,0,0,0,0,0,0,0,0,0,0,0,0,0,0,0,0,1
1859298392741980000,0,0,0,0,0,0,0,0,0,0,0,0,0,0,0,0,0,0,0,0
1887846049856786605,0,0,0,0,0,0,0,0,1,0,0,0,0,0,0,0,0,0,0,0
1878233127526744099,1,0,0,1,1,1,1,1,1,0,0,0,0,0,1,0,1,1,1,0
1879235033845903586,1,0,0,0,1,1,1,1,0,0,0,0,0,0,1,0,0,1,1,1
1936883636399231095,0,0,0,0,0,0,0,0,0,0,0,0,0,0,0,0,0,0,0,1
1883697314159837500,1,0,0,0,0,1,0,1,0,0,0,0,0,0,0,0,0,1,0,0
1942198834580394303,0,0,0,0,1,0,0,0,1,0,0,0,0,0,0,0,0,1,1,1
1894730273935282290,0,0,0,0,0,0,0,0,0,0,0,0,1,0,0,0,0,0,0,0
1859215507687395518,0,0,0,0,0,0,0,0,0,0,0,0,0,0,0,0,0,0,0,1
1912987546889654547,0,0,0,1,0,0,0,0,0,0,0,0,0,0,1,1,1,0,0,0
1927323303170978005,0,0,0,0,0,0,0,0,0,0,0,0,0,0,0,0,0,0,0,0
1908433235991814241,0,0,0,0,0,0,0,0,0,0,0,0,0,0,0,0,0,0,0,0
1867810247567659304,0,0,0,1,0,0,0,0,0,0,0,0,0,0,1,0,1,0,0,0
1914217203760586886,0,0,0,0,1,0,1,0,0,0,0,0,0,0,0,0,0,0,1,1
1887213315593777409,1,0,0,0,1,1,1,1,0,0,0,0,0,0,0,0,0,1,1,1
1939056014071832739,1,0,0,1,1,1,1,1,0,0,0,0,0,0,1,0,1,1,1,1
1873970877727203763,0,0,0,0,0,0,0,0,0,0,0,0,0,0,0,0,0,0,0,0
1939648156733419785,0,0,0,0,0,0,0,0,0,0,0,0,0,0,0,0,0,0,0,0
1847713617937904055,0,0,0,1,0,0,0,1,0,0,0,0,0,0,1,1,1,0,1,0
1852878724338962732,0,0,0,0,0,0,0,1,0,0,0,0,0,0,0,0,0,0,0,0
1875344100431687936,0,0,0,0,1,0,0,0,0,0,0,0,0,0,0,0,0,0,1,1
1848167060385460399,0,0,0,0,0,0,0,0,0,0,0,0,0,0,0,0,0,0,0,0
1927292893019922673,0,0,0,0,0,0,0,0,0,0,0,0,0,0,1,0,0,0,0,0
1848076742570725687,0,0,0,0,0,0,0,0,0,0,0,0,0,0,0,0,0,0,1,0
1888570379263729945,0,0,0,0,0,0,0,0,0,0,0,0,0,1,1,0,0,0,0,0
1878511211593007201,0,0,0,0,0,0,0,0,0,0,0,0,0,0,0,0,0,0,0,0
1904504361335787881,0,0,0,0,0,0,0,0,0,0,0,0,0,0,0,0,0,0,0,0
1869457302220423412,0,0,0,0,0,0,0,0,0,0,0,0,0,0,0,0,0,0,0,0
1940015428350132671,0,0,0,0,1,0,0,0,0,0,0,0,0,0,1,0,0,0,1,1
1864019956515348715,0,0,0,0,0,0,0,0,0,0,0,0,0,0,0,0,0,0,0,0
1858494355545174491,0,0,0,0,0,0,0,0,0,0,0,0,0,0,1,0,0,0,0,0
1857585361150435403,0,0,0,0,0,0,0,0,0,0,0,0,0,0,0,0,0,0,0,0
1895350610851197270,0,0,0,0,1,0,0,0,0,0,0,0,0,0,1,0,0,0,1,1
1870630842432729140,0,0,0,0,0,0,0,0,0,0,0,0,0,0,0,0,0,0,0,0
1882235598775398891,0,0,0,0,0,0,0,0,0,0,0,0,0,0,0,0,0,0,0,0
1874327280224526785,0,0,0,0,1,0,0,0,0,0,0,0,0,0,0,0,0,0,1,1
1920097913692102742,0,1,0,1,0,0,0,0,0,1,1,0,0,0,1,1,0,0,0,0
1943278532580294942,1,0,0,0,1,1,1,0,0,0,0,0,0,0,1,0,0,1,1,0
1896360480459067524,0,0,0,0,0,0,0,0,0,0,0,0,0,0,0,0,0,0,0,0
1881932488408444995,0,0,0,1,0,0,0,0,0,0,0,0,0,0,1,1,0,0,0,0
1889169533778411806,0,0,0,0,0,0,0,0,0,0,0,0,0,0,1,0,0,0,1,0
1898715356950040587,1,0,0,0,0,1,1,0,0,0,0,0,0,0,0,0,0,0,1,0
1861845871408677182,0,0,1,0,0,0,0,0,0,0,0,0,1,1,0,0,0,0,0,0
1861937678444347532,1,0,0,0,1,1,1,0,0,0,0,0,0,0,1,0,0,1,1,0
1939289039993024830,0,0,0,0,0,0,0,0,0,0,0,0,0,0,0,0,0,0,0,0
1908728539492331547,1,0,0,1,1,1,1,1,0,0,0,0,0,0,1,1,0,1,1,1
1856574685753844213,0,0,0,0,0,0,0,0,0,0,0,0,0,0,0,0,0,0,0,0
1860832073684308249,0,0,0,0,1,0,0,0,0,0,0,0,0,0,0,0,1,1,1,1
1922994759468994657,0,0,0,1,0,0,0,0,0,0,0,0,0,0,0,1,1,0,1,0
1877558768898125988,0,0,0,1,1,0,0,1,0,0,0,0,0,0,0,1,1,0,1,1
1935869730021142622,0,0,0,1,1,0,0,1,0,0,0,0,0,0,1,0,1,1,1,1
1934348103399711083,1,0,0,1,1,1,1,1,0,0,0,0,0,0,1,0,1,1,1,1
1893345809934012437,0,0,0,0,1,0,0,0,0,0,0,0,0,0,0,0,0,0,1,1
1880782225660162441,0,0,0,1,0,0,0,0,0,0,0,0,0,0,1,0,1,0,1,0
1847803700498067812,0,0,0,1,1,0,0,0,0,0,0,0,0,0,1,0,1,1,1,1
1926251954134532225,0,0,0,1,0,0,0,0,0,0,0,0,1,0,0,1,1,0,1,0
1932299310592413738,0,0,0,0,0,0,0,0,0,0,0,0,1,0,0,0,0,0,0,0
1884752890427764995,0,0,0,1,1,0,0,1,0,0,0,0,0,0,0,1,1,0,1,1
1861755850244653126,0,0,0,1,0,0,0,0,0,0,0,0,0,0,0,1,1,0,0,0
1888262012448215447,0,0,0,0,0,0,0,0,0,0,0,0,0,0,0,0,1,0,0,0
1914640308647735423,1,0,0,1,1,1,0,1,0,0,0,0,0,0,1,1,1,1,0,1
1852334854089957588,1,0,0,1,1,1,1,1,0,0,0,0,0,0,1,1,1,1,1,1
1856411475662827634,0,0,0,1,1,0,0,0,0,0,0,0,0,0,1,1,1,1,1,1
1871900981593838042,0,0,1,0,0,0,0,1,0,0,0,0,1,1,0,0,0,0,0,1
1937463249831887173,0,0,0,0,0,0,1,0,0,0,0,0,0,0,0,0,1,0,1,0
1864539865934671935,0,0,0,0,1,0,0,0,0,0,0,0,0,0,0,0,1,0,1,1
1938203145525436626,0,0,0,0,1,0,0,0,0,0,0,0,0,0,0,0,1,1,1,1
1886941191540789426,1,0,0,1,1,1,1,0,0,0,0,0,0,0,1,0,1,1,1,1
1849795076785856675,0,0,0,0,1,0,0,0,0,0,0,0,0,0,0,0,1,0,1,1
1890445673251602601,0,0,0,0,1,0,0,0,0,0,0,0,0,0,0,0,1,1,1,1
1942142853305549302,0,0,0,1,0,0,0,0,0,0,1,0,0,0,0,1,1,0,1,0
1915554132917719066,0,0,0,0,1,0,0,0,0,0,0,0,0,0,0,0,1,0,1,1
1927161117702238272,0,0,0,0,1,0,0,0,0,0,0,0,0,0,1,0,0,0,1,1
1858386793672106306,0,0,0,1,0,0,0,0,0,0,0,0,0,0,1,0,1,0,0,0
1848890906662821989,0,0,0,0,0,0,0,0,0,0,0,0,0,0,0,0,1,0,0,0
1912488260254797878,0,0,0,0,0,0,0,0,0,0,0,0,0,0,0,0,0,0,0,0
1870877608453550439,0,0,0,1,0,1,0,0,0,0,0,0,0,0,1,1,0,1,0,0
1864655965565669818,0,0,0,0,0,0,0,0,0,0,0,0,0,0,0,0,0,0,0,0
1849435168626356703,0,0,0,0,0,0,0,0,0,0,0,0,0,0,0,0,0,0,0,0
1855052890005504289,,,,,,,,,,,,,,,,,,,,
1852863786954149965,0,0,0,0,1,0,0,0,0,0,0,0,0,0,1,0,0,0,1,1
1867684023482683600,0,0,0,0,0,0,0,0,0,0,0,0,0,0,0,0,0,0,0,0
1865458442716266894,1,0,0,1,0,0,1,1,0,0,0,0,0,0,1,0,1,0,1,0
1896331251914883282,0,0,0,0,0,0,0,0,0,0,0,0,0,0,0,0,0,0,0,0
1893387324681064614,0,0,0,0,0,0,0,0,0,0,0,0,0,0,0,0,1,0,0,1
1874969766370443324,0,0,0,1,0,0,0,1,0,0,0,0,0,0,1,0,1,0,0,0
1852516046705394079,0,0,0,0,0,0,0,0,0,0,0,0,0,0,0,0,0,0,0,0
1942912684892233772,0,0,0,0,0,0,0,0,0,0,0,0,0,0,0,0,0,0,0,0
1860488427184984339,0,0,0,0,0,0,0,0,0,0,0,0,0,0,0,0,0,0,0,0
1899548646234050927,1,0,0,0,0,1,0,1,0,0,0,0,0,0,0,0,1,1,0,0
1872680560369578236,0,0,0,0,0,0,0,0,0,0,0,0,0,1,1,0,0,0,1,0
1869002261197971700,0,0,0,0,0,0,0,0,0,0,0,0,0,0,0,0,0,0,0,0
1869364730374287442,0,0,0,1,0,0,0,1,0,0,0,0,0,0,1,1,1,0,0,1
1865629646965870688,0,0,0,0,0,0,0,0,0,0,0,0,0,0,0,0,1,0,0,0
1848075128426647958,0,0,0,0,0,0,0,0,0,0,0,0,0,0,0,0,1,0,0,0
1857042089038471198,0,0,0,0,0,0,0,0,0,0,0,0,0,0,0,0,0,0,0,0
1847507334580306045,0,0,0,0,1,0,0,0,0,0,0,0,0,0,0,0,0,0,1,1
1866084127813906481,0,0,0,0,0,0,0,0,0,0,0,0,0,0,0,0,0,0,1,0
1893897988004577755,0,0,0,0,0,0,0,0,0,0,0,0,0,0,0,1,0,0,0,0
1921511336267145520,1,0,0,0,1,1,1,1,0,0,1,0,0,0,1,0,0,1,1,1
1852149786000134383,0,0,0,0,0,0,1,0,0,0,0,0,0,0,0,0,0,0,1,0
1893167680183472140,0,0,0,0,0,0,0,0,0,0,0,0,0,0,0,0,1,0,1,0
1854509125763272902,0,0,0,0,0,0,0,0,0,0,0,0,0,0,0,0,0,0,1,0
1890928814546358409,0,0,0,0,0,0,0,0,0,0,0,0,0,0,0,0,0,0,1,0
1944379733028012313,0,0,0,0,0,0,1,0,0,0,0,0,0,0,0,0,0,0,1,0
1849073289970565523,0,0,0,0,0,0,0,0,0,0,0,0,0,0,0,0,0,0,1,0
1895116735818465710,0,0,0,0,0,0,1,0,0,0,0,0,0,0,0,0,0,0,1,0
1945453644859719989,0,0,0,0,0,0,0,0,0,0,0,0,0,0,0,0,0,0,1,0
1884761894780653761,0,0,0,1,0,0,0,0,0,0,0,0,0,0,1,0,1,0,1,0
1869253796259344621,0,0,0,0,0,0,0,0,0,0,0,0,0,0,0,0,0,0,1,0
1934208119925608483,0,0,0,0,0,0,0,0,0,0,0,0,0,0,0,0,0,0,1,0
1865376474707956133,0,0,0,1,1,0,1,0,0,0,0,0,0,0,1,1,1,0,1,1
1942569945629380829,0,0,0,0,0,0,0,0,0,0,0,0,0,0,0,0,0,0,1,0
1853225776302137747,0,0,0,0,0,0,0,0,0,0,0,0,1,0,0,0,0,0,0,0
1907035400528437365,1,0,0,1,0,0,1,1,0,0,0,0,0,0,1,0,1,0,1,0
1866187138892521855,0,0,0,1,0,0,0,0,0,0,0,0,1,0,1,1,1,0,0,0
1925288763783004354,0,0,0,0,0,0,0,0,0,0,0,0,0,0,0,0,0,0,0,0
1870338029757276476,0,0,0,1,0,0,0,0,0,0,0,0,0,0,1,1,0,0,0,0
1904861922526146953,0,0,0,1,0,0,0,0,0,0,0,0,1,0,1,0,1,0,0,1
1855490651095466193,0,0,0,0,0,0,0,0,0,0,0,0,1,0,0,1,0,0,0,0
1899626273808212240,1,0,0,1,1,1,1,1,0,0,0,0,0,0,1,0,1,1,1,0
1920099799023419764,0,0,0,0,0,0,0,0,0,0,0,0,0,0,0,0,0,0,1,0
