id,conspiracy_majority,hate_speech_majority,satire_majority,sensationalism_majority,speculation_majority,conspiracy1,conspiracy2,conspiracy3,hate_speech1,hate_speech2,hate_speech3,satire1,satire2,satire3,sensationalism1,sensationalism2,sensationalism3,speculation1,speculation2,speculation3
1847027044669858048,1,1,0,1,1,1,0,1,0,1,1,0,0,0,0,1,1,1,1,0
1847029499755745280,0,0,0,0,0,0,0,0,0,0,0,0,0,0,0,1,0,0,1,0
1847045206446952704,0,0,0,0,1,0,0,0,0,0,0,0,0,0,1,0,0,1,1,0
1847045637348773888,0,0,0,0,0,0,0,0,0,0,0,0,0,0,0,0,0,0,0,0
1847049247570776832,0,0,0,0,0,0,0,0,0,0,0,1,0,0,0,0,0,0,0,0
1847049440320016896,0,0,0,1,0,0,0,0,0,0,0,0,0,0,1,0,1,0,1,0
1847056294274125568,0,0,0,0,0,0,0,0,0,0,0,0,0,0,0,0,0,0,0,1
1847086912617509120,1,0,0,1,1,0,1,1,0,1,0,0,0,0,0,1,1,0,1,1
1847092381122020096,0,0,0,1,0,0,0,0,0,0,0,0,0,0,0,1,1,1,0,0
1847100574451236864,0,0,0,0,0,0,0,0,0,0,0,0,0,0,0,1,0,0,0,0
1847127465199915520,0,0,0,0,0,0,0,0,0,0,0,0,0,0,0,0,0,0,0,0
1847128175769538816,0,0,0,0,0,0,0,0,0,0,0,0,0,0,0,0,0,0,0,0
1847153221187350784,0,0,0,1,1,0,0,1,0,0,0,0,0,0,1,0,1,0,1,1
1847154576115499520,0,0,0,0,0,0,1,0,0,0,0,0,0,0,0,0,1,0,0,0
1847155033164386816,0,0,0,0,0,0,0,0,0,0,0,0,0,0,0,0,0,0,0,0
1847155698855224064,0,0,0,0,0,0,0,0,0,0,0,0,0,0,0,0,1,0,1,0
1847260367740690688,0,0,0,0,1,0,0,0,0,0,0,0,0,0,1,0,0,0,1,1
1847349065832399104,0,0,0,1,0,0,0,0,0,0,0,0,0,0,1,0,1,0,0,0
1847350989424394496,0,0,0,0,0,0,0,0,0,0,0,0,0,0,0,0,0,0,0,1
1847431017583259904,0,0,0,1,0,1,0,0,0,0,0,0,0,0,1,1,1,0,0,0
1847441405393703680,0,0,0,1,0,0,0,1,0,0,0,0,0,0,1,1,0,0,1,0
1847507334580305920,0,0,0,0,1,0,0,0,0,0,0,0,0,0,0,0,0,0,1,1
1847514980565799680,0,0,0,1,0,0,0,1,0,0,0,0,0,0,0,1,1,1,0,0
1847515598365810688,0,0,0,0,0,0,0,0,0,0,0,0,0,0,0,0,0,0,1,0
1847614709207572480,0,0,0,0,0,0,0,0,0,0,0,0,0,0,0,0,0,0,1,0
1847622811575096064,0,0,0,0,0,0,0,0,0,0,0,0,0,0,0,0,0,0,1,0
1847622864096408064,0,0,0,0,0,0,0,0,0,0,0,0,0,0,0,0,0,0,0,1
1847701318888005888,0,0,0,0,1,0,0,0,0,0,0,0,0,0,0,0,0,1,0,1
1847713234242953216,0,0,0,0,0,0,0,0,0,0,0,0,0,0,1,0,0,0,0,0
1847713617937904128,0,0,0,1,0,0,0,1,0,0,0,0,0,0,1,1,1,0,1,0
1847803045079318784,0,0,0,1,0,0,0,0,0,0,0,0,0,0,1,1,1,0,1,0
1847803700498067968,0,0,0,1,1,0,0,0,0,0,0,0,0,0,1,0,1,1,1,1
1847872551910871552,0,0,0,0,0,0,0,0,0,0,0,0,0,0,0,0,0,0,0,0
1847873187410767872,0,0,0,0,1,0,0,0,0,0,0,0,0,0,0,1,0,1,1,1
1847974848120725504,0,0,0,0,0,0,0,0,0,0,0,0,0,0,0,0,0,1,0,0
1847977434383057152,0,0,0,0,0,0,0,0,0,0,0,0,0,0,0,1,0,0,0,1
1847985648168248064,0,0,0,0,1,0,0,0,0,0,0,0,0,0,0,0,0,0,1,1
1847986131163373568,0,0,0,0,0,0,0,0,0,0,0,0,0,0,0,0,0,0,0,0
1848069792428933120,0,0,0,0,0,0,0,0,0,0,0,0,0,1,0,0,0,0,0,0
1848075128426648064,0,0,0,0,0,0,0,0,0,0,0,0,0,0,0,0,1,0,0,0
1848076228059960064,0,0,0,0,0,0,0,0,0,0,0,0,0,0,0,0,0,0,0,0
1848076742570725632,0,0,0,0,0,0,0,0,0,0,0,0,0,0,0,0,0,0,1,0
1848166767367208704,0,0,0,1,0,0,0,0,0,0,0,0,0,0,1,1,0,0,0,1
1848167060385460480,0,0,0,0,0,0,0,0,0,0,0,0,0,0,0,0,0,0,0,0
1848222438380945664,0,0,0,0,1,0,0,0,0,0,0,0,0,0,0,0,0,0,1,1
1848239523601187072,0,0,0,1,0,1,0,0,0,0,0,0,0,0,1,1,0,0,0,1
1848239836278456832,0,0,0,0,0,0,0,0,0,0,0,0,0,0,0,0,0,0,1,0
1848240186997800960,0,0,0,0,1,0,0,1,0,0,0,0,0,0,0,0,0,1,1,1
1848348018631692288,0,0,0,0,0,0,0,0,0,0,0,0,0,0,1,0,0,0,0,1
1848348075909062912,0,0,0,0,0,0,0,0,0,0,0,0,0,0,0,0,1,0,0,0
1848438993983058432,0,0,0,0,0,0,0,0,0,0,0,0,0,0,0,0,0,0,0,0
1848591407197360896,0,0,0,0,0,0,0,0,0,0,0,0,0,0,0,0,0,0,0,0
1848601781023956736,0,0,0,0,1,0,0,0,0,0,0,0,0,0,0,0,0,1,1,0
1848703373744168704,0,0,0,1,0,0,0,0,0,0,0,0,0,1,1,1,0,0,0,0
1848890906662821888,0,0,0,0,0,0,0,0,0,0,0,0,0,0,0,0,1,0,0,0
1849073289970565632,0,0,0,0,0,0,0,0,0,0,0,0,0,0,0,0,0,0,1,0
1849073371188708096,0,0,0,0,0,0,0,0,0,0,0,0,0,0,0,0,0,0,0,0
1849254628891795968,0,0,0,1,0,0,0,0,0,0,0,0,0,0,1,0,1,0,0,0
1849435168626356736,0,0,0,0,0,0,0,0,0,0,0,0,0,0,0,0,0,0,0,0
1849794425800495104,0,0,0,0,0,0,0,0,0,0,0,0,0,0,0,0,0,0,0,0
1849795076785856768,0,0,0,0,1,0,0,0,0,0,0,0,0,0,0,0,1,0,1,1
1849798070189555968,0,0,0,0,0,0,0,0,0,0,0,0,0,0,0,0,0,0,0,0
1849979012728168448,0,0,0,1,1,0,1,0,0,0,0,0,0,0,1,0,1,1,0,1
1850523081405505536,0,0,0,0,0,0,0,0,0,0,0,0,0,0,0,0,0,0,0,0
1851062630955241216,0,0,0,0,0,0,0,0,0,0,0,0,0,0,0,0,0,1,0,0
1851066495352140032,1,0,0,1,1,1,0,1,0,0,0,0,0,0,1,1,0,0,1,1
1851248011034444032,0,0,0,0,0,0,0,0,0,0,0,0,0,1,0,0,0,0,0,0
1851425104170729216,0,0,0,0,0,0,0,0,0,0,0,0,0,0,0,0,0,0,0,0
1852149786000134400,0,0,0,0,0,0,1,0,0,0,0,0,0,0,0,0,0,0,1,0
1852153600320893184,0,0,0,0,0,0,0,0,0,0,0,0,0,0,0,0,0,0,0,0
1852153891841774080,0,0,0,0,0,0,0,0,0,0,0,0,0,0,0,0,0,0,0,0
1852153961941291520,0,0,0,1,0,0,0,0,1,0,0,0,0,0,1,0,1,0,0,0
1852334778386882816,0,0,0,0,0,0,0,0,0,0,0,0,0,0,0,0,0,0,0,0
1852334854089957632,1,0,0,1,1,1,1,1,0,0,0,0,0,0,1,1,1,1,1,1
1852334857306988800,0,0,0,0,0,0,0,0,0,0,0,0,0,0,0,0,0,0,0,1
1852516010395676672,0,0,0,0,0,0,0,0,0,0,0,0,0,0,0,0,0,0,0,0
1852516046705394432,0,0,0,0,0,0,0,0,0,0,0,0,0,0,0,0,0,0,0,0
1852697286809195008,0,0,0,0,0,0,0,0,0,0,0,0,0,0,0,0,0,0,0,0
1852697355776073984,0,0,0,0,0,0,0,0,0,0,0,0,0,0,0,0,0,0,0,0
1852697419877597696,0,0,1,0,0,0,0,0,0,0,0,1,0,1,0,1,0,0,0,0
1852772835908841472,0,0,0,0,0,0,0,0,0,0,0,0,0,0,1,0,0,0,0,1
1852785689336992000,0,0,0,1,0,1,0,0,0,0,0,0,0,0,1,0,1,1,0,0
1852818019497500672,0,0,0,0,0,0,0,0,0,0,0,0,0,0,0,0,0,0,0,0
1852833063237292288,0,0,0,0,0,0,0,0,0,0,0,0,0,0,0,0,0,0,0,0
1852863786954149888,0,0,0,0,1,0,0,0,0,0,0,0,0,0,1,0,0,0,1,1
1852878724338962688,0,0,0,0,0,0,0,1,0,0,0,0,0,0,0,0,0,0,0,0
1852893854996857088,0,0,0,0,0,0,0,0,0,0,0,0,0,0,0,0,0,0,0,1
1852907191998779904,0,0,0,0,0,0,0,0,0,0,0,0,0,0,0,0,0,0,0,0
1853025868433506304,0,0,0,0,0,0,0,0,0,0,0,0,0,0,0,0,0,0,0,0
1853027420040732928,0,0,0,1,1,0,0,0,0,0,0,0,0,0,1,1,1,1,1,0
1853044750468645120,0,0,0,0,0,0,0,0,0,0,0,0,0,0,0,0,0,0,0,0
1853058206337224960,1,0,0,1,1,1,0,1,0,0,0,0,0,0,0,1,1,1,1,0
1853120038716269056,0,0,0,0,0,0,0,0,0,0,0,0,0,0,0,0,0,0,0,0
1853120296712106496,1,0,0,1,1,1,1,0,0,0,0,0,0,0,1,1,1,1,1,1
1853193709115912448,0,0,0,0,0,0,0,0,0,0,0,0,0,0,0,0,0,0,0,0
1853210824615080448,1,0,0,0,0,1,0,1,0,0,0,0,0,0,1,0,0,0,1,0
1853223088995090688,0,0,0,0,0,0,0,0,0,0,0,0,0,0,0,0,0,0,0,0
1853225776302137600,0,0,0,0,0,0,0,0,0,0,0,0,1,0,0,0,0,0,0,0
1853298196186824704,0,0,0,0,0,0,0,0,0,0,0,0,0,0,0,0,1,0,1,0
1853407236670079232,0,0,0,0,0,0,0,0,0,0,0,0,0,0,0,0,0,0,0,0
1853422035365744896,0,0,0,0,0,1,0,0,0,0,0,0,0,0,1,0,0,0,1,0
1853437274660233216,0,0,0,1,0,0,0,0,0,0,0,0,0,0,1,1,1,0,0,0
1853452156491206912,0,0,0,0,0,0,0,0,0,0,0,0,0,0,0,0,0,0,0,0
1853467564778639872,0,0,0,0,0,0,0,0,0,0,0,0,0,0,1,0,0,0,0,0
1853512855930511872,0,0,1,0,0,0,0,0,0,0,0,1,0,1,1,0,0,0,0,0
1853588144949477120,0,0,0,0,0,0,0,0,0,0,0,0,0,0,0,0,0,0,0,0
1853617808841576960,0,0,0,0,0,0,0,0,0,0,0,0,0,0,1,0,0,0,0,0
1853709012669522432,0,0,0,0,0,0,0,0,0,0,0,0,0,0,0,0,0,0,0,0
1853769618520776960,0,0,0,0,0,0,0,0,0,0,0,0,0,0,0,0,0,0,0,0
1853799618007461888,0,0,0,0,0,0,0,0,0,0,0,0,1,0,0,0,1,0,0,0
1853799728376385536,0,0,0,0,0,0,0,0,0,0,0,1,0,0,1,0,0,0,0,0
1853909168706490368,0,0,1,0,0,0,0,0,0,0,0,1,1,1,0,0,0,0,0,0
1853965807107120896,0,0,0,0,0,0,0,0,0,0,0,0,0,0,0,0,0,0,1,0
1853996022323667200,0,0,0,0,0,0,0,0,0,0,0,0,0,0,0,0,1,0,0,0
1853996045308485888,0,0,0,0,0,0,0,0,0,0,0,0,0,0,0,0,0,0,0,0
1853996061834052096,0,0,0,0,0,0,0,0,0,0,0,0,0,1,0,0,0,0,0,0
1854011175375397120,0,1,0,0,0,0,0,0,1,0,1,0,0,0,0,1,0,0,0,0
1854026342922060032,0,0,0,0,0,0,0,0,0,0,0,0,0,0,0,0,0,0,0,0
1854041352146756096,0,0,0,0,0,0,0,0,0,0,0,0,0,0,0,0,0,0,0,0
1854041375924269312,0,0,0,0,0,0,0,0,0,0,0,0,0,0,0,0,0,0,0,0
1854086621379064320,0,0,0,0,0,0,0,0,0,0,0,0,0,0,0,1,0,0,0,0
1854086737167012096,0,0,0,0,0,0,0,0,0,0,0,0,0,0,0,0,0,0,1,0
1854192371753201664,0,0,0,0,0,0,0,0,0,0,0,0,0,0,0,0,1,1,0,0
1854252413785378816,0,0,0,0,1,0,0,0,0,0,0,0,0,0,0,0,0,1,0,1
1854267875759988736,0,0,0,0,0,0,0,0,0,0,0,0,0,0,0,0,0,0,0,0
1854282962277388288,0,0,0,1,0,0,0,0,0,0,0,0,0,0,1,0,1,1,0,0
1854282985060585472,1,0,0,0,1,0,1,1,0,0,0,0,0,0,0,0,0,0,1,1
1854297746099908864,0,0,0,0,0,0,0,0,0,0,0,0,0,0,0,0,0,0,0,0
1854509125763272960,0,0,0,0,0,0,0,0,0,0,0,0,0,0,0,0,0,0,1,0
1854689450011365888,0,0,0,0,0,,,,,,,,,,,,,,,
1854690615684219136,0,0,0,0,0,0,0,1,0,0,0,0,0,0,0,0,0,0,0,1
1854868418664500736,0,0,0,0,0,0,0,0,0,0,0,0,0,0,0,0,0,0,0,1
1854871658739187968,0,0,0,0,0,0,0,1,0,0,0,0,0,0,0,0,0,0,0,1
1855052890005504512,0,0,0,0,0,,,,,,,,,,,,,,,
1855052939661857280,0,0,0,0,0,0,0,0,0,0,0,0,0,0,0,0,1,0,0,0
1855127867400519936,1,0,0,0,0,1,0,1,0,0,0,0,0,0,1,0,0,0,0,0
1855227271344201984,1,0,0,0,0,1,0,1,0,0,0,0,0,0,1,0,0,0,0,1
1855231286866018304,0,0,0,0,0,0,0,0,0,0,0,0,0,1,0,1,0,0,1,0
1855233886307168512,0,1,0,1,0,0,0,0,0,1,1,0,0,0,1,1,1,0,0,0
1855415187873898752,0,0,0,0,0,0,0,0,0,0,0,0,0,0,0,0,0,0,0,0
1855490651095466496,0,0,0,0,0,0,0,0,0,0,0,0,1,0,0,1,0,0,0,0
1855675898554634496,0,0,0,1,1,0,0,1,0,0,0,0,0,0,1,1,1,1,1,1
1855777273049121024,1,0,1,1,0,1,1,0,0,0,0,0,1,1,1,1,1,0,0,1
1855958682078527488,0,0,0,0,0,,,,,,,,,,,,,,,
1855958703649792000,0,0,0,0,0,0,0,0,0,0,0,0,0,0,0,0,0,0,0,0
1856135549263982848,0,0,0,0,0,0,0,0,0,0,0,0,0,0,0,0,0,0,0,0
1856319627766157568,0,0,0,0,0,0,0,0,0,0,0,0,0,0,0,0,0,0,0,0
1856411475662827520,0,0,0,1,1,0,0,0,0,0,0,0,0,0,1,1,1,1,1,1
1856500813956305152,0,0,0,0,0,0,0,0,0,0,0,0,0,0,0,0,1,0,0,0
1856574685753843968,0,0,0,0,0,0,0,0,0,0,0,0,0,0,0,0,0,0,0,0
1856576853491785984,0,0,0,1,0,0,0,0,0,0,1,0,0,0,1,1,0,0,0,0
1856577892160832000,0,0,0,0,0,0,0,0,0,0,0,1,0,0,0,1,0,0,0,1
1856683471021788672,0,0,0,0,0,0,0,0,0,0,0,0,0,0,0,0,1,0,0,1
1856766805324214272,0,0,0,0,0,0,0,0,0,0,0,0,0,1,0,0,0,0,0,0
1856774067552228096,0,0,0,0,0,0,0,0,0,0,0,0,0,0,0,0,1,0,0,0
1856774122552103168,0,0,0,0,0,0,0,0,0,0,0,0,0,0,0,0,1,0,0,0
1856857234510168064,1,0,0,1,0,1,1,1,1,0,0,0,0,0,1,1,1,0,0,0
1856929093889179904,0,0,0,0,0,0,0,0,0,0,0,0,0,0,0,0,0,0,1,0
1857042089038471168,0,0,0,0,0,0,0,0,0,0,0,0,0,0,0,0,0,0,0,0
1857136448623038976,0,0,0,0,0,1,0,0,0,0,0,0,0,0,0,0,0,0,0,0
1857227094847086848,0,0,0,0,0,0,0,0,0,0,0,0,0,0,0,0,0,0,0,0
1857302798045728768,0,0,0,0,0,0,0,0,0,0,0,0,0,0,0,0,1,0,0,0
1857407572522791680,0,0,0,0,0,0,0,0,0,0,0,1,0,0,0,0,0,0,0,0
1857585361150435584,0,0,0,0,0,0,0,0,0,0,0,0,0,0,0,0,0,0,0,0
1857661241629590016,0,0,0,0,0,0,0,0,0,0,0,1,0,0,0,0,0,1,0,0
1857755940851953664,0,0,0,0,0,0,0,0,0,0,0,0,0,0,0,1,0,0,0,1
1857770681011740672,0,0,0,0,0,0,0,0,0,0,0,0,0,0,0,0,0,0,0,0
1857861474145722368,0,0,0,0,0,0,0,0,0,0,0,0,0,0,0,1,0,0,0,0
1857935307037184512,0,0,0,0,0,0,0,0,0,0,0,0,0,0,0,0,0,1,0,0
1858004669982978304,0,0,0,0,0,,,,,,,,,,,,,,,
1858027057734889216,0,0,0,0,0,0,0,0,0,0,0,0,0,0,0,0,0,0,0,0
1858123048089506048,0,1,0,1,0,0,0,0,0,1,1,0,0,0,1,1,1,1,0,0
1858130980290150912,0,0,0,0,0,0,0,0,0,0,0,0,0,0,0,0,0,0,0,1
1858132331250233600,0,0,0,0,0,0,0,0,0,0,0,0,1,0,0,1,0,0,1,0
1858133028414832896,1,0,0,0,1,1,1,0,0,0,0,0,0,0,1,0,0,0,1,1
1858299077617704960,0,0,0,0,0,0,0,0,0,0,0,0,0,0,0,0,0,0,0,1
1858384053298233600,0,0,0,0,0,1,0,0,0,0,0,0,0,0,0,0,0,0,0,1
1858386793672106496,0,0,0,1,0,0,0,0,0,0,0,0,0,0,1,0,1,0,0,0
1858387618670497536,0,0,0,1,1,1,0,0,0,0,0,0,0,0,1,1,1,1,1,0
1858494355545174528,0,0,0,0,0,0,0,0,0,0,0,0,0,0,1,0,0,0,0,0
1858584161663045888,0,0,0,0,0,0,0,0,0,0,0,0,0,0,0,0,0,0,0,0
1858584982106865920,0,0,0,0,0,0,0,0,0,0,0,0,0,0,0,0,0,0,0,0
1858727728222269696,0,0,0,0,0,0,1,0,0,0,0,0,0,0,0,1,0,0,0,1
1858837713522201088,0,0,0,1,0,1,0,0,0,0,0,0,0,0,1,0,1,1,0,0
1858857838342213888,0,0,0,0,0,1,0,0,0,0,0,0,0,0,0,0,0,0,0,0
1858932322902692096,0,0,0,0,0,0,0,0,0,0,0,0,0,0,0,0,0,0,1,0
1858948122136731904,0,0,0,0,1,0,0,0,0,0,0,0,0,0,0,0,1,1,0,1
1858948346070921216,0,0,0,0,0,0,0,0,0,0,0,0,0,0,0,0,0,0,0,0
1858948357294878976,0,0,0,1,1,0,0,0,0,0,0,0,0,0,1,0,1,0,1,1
1859215507687396096,0,0,0,0,0,0,0,0,0,0,0,0,0,0,0,0,0,0,0,1
1859220202677821184,0,0,0,1,0,0,0,0,0,0,0,1,0,0,1,0,1,0,0,0
1859298392741982464,0,0,0,0,0,0,0,0,0,0,0,0,0,0,0,0,0,0,0,0
1859300787358216704,0,0,0,0,0,0,0,0,0,0,0,0,0,0,0,0,0,0,0,0
1859308268755222784,1,0,0,1,1,0,1,1,0,0,0,0,0,0,0,1,1,1,1,1
1859308481183944960,0,0,0,0,0,0,0,0,0,0,0,0,0,0,0,0,1,0,0,0
1859399228189024512,0,0,0,1,0,0,0,0,0,0,0,0,0,0,0,1,1,0,1,0
1859565405821341952,0,0,0,0,0,0,0,0,0,0,0,0,0,0,0,0,0,0,0,0
1859582541281492736,0,0,0,0,0,0,0,0,0,0,0,0,0,0,0,0,0,0,0,0
1859661979490844928,0,0,0,0,0,0,0,0,0,0,0,0,0,0,0,0,0,1,0,0
1859799916819968512,0,0,1,0,0,0,0,0,0,0,0,1,0,1,0,0,0,0,1,0
1860027415805985024,0,0,0,0,0,0,0,0,0,0,0,0,0,0,0,0,0,0,0,1
1860028283204829696,1,0,0,0,0,1,1,0,0,0,0,0,0,0,0,1,0,0,1,0
1860305352488600064,0,0,0,0,0,,,,,,,,,,,,,,,
1860387905048399872,0,0,0,0,0,0,0,1,0,0,0,0,0,0,0,0,0,0,0,0
1860393896280297216,0,0,0,0,1,0,0,0,0,0,0,0,0,0,0,0,1,1,1,0
1860474255000883712,1,0,0,1,1,0,1,1,0,0,0,0,0,0,1,1,0,1,0,1
1860488427184984320,0,0,0,0,0,0,0,0,0,0,0,0,0,0,0,0,0,0,0,0
1860562535751254528,0,0,1,0,0,0,0,0,0,0,1,0,1,1,0,0,0,0,0,0
1860832073684307968,0,0,0,0,1,0,0,0,0,0,0,0,0,0,0,0,1,1,1,1
1860850847615254784,0,0,0,0,0,0,0,0,0,0,1,0,0,0,1,0,0,0,0,0
1861028741037560064,0,0,0,0,0,0,0,0,0,0,0,0,0,0,0,0,0,0,0,0
1861114999013560832,1,0,0,1,0,1,1,1,0,0,0,0,0,0,1,1,0,0,1,0
1861121041298240000,0,0,0,0,0,0,0,0,0,0,0,0,1,0,0,0,1,0,1,0
1861122791291977984,0,0,0,0,0,0,1,0,0,0,0,0,0,0,0,1,0,1,0,0
1861196361388933120,0,0,0,0,0,0,0,0,0,0,0,0,0,0,0,0,0,0,0,0
1861286255780409600,0,0,0,0,0,0,0,0,0,0,0,0,0,0,0,0,0,0,0,0
1861483305385738496,0,0,0,0,0,0,0,0,0,0,0,0,0,0,0,1,0,0,0,1
1861483486374179584,0,0,0,1,0,0,0,0,0,0,0,0,0,0,1,1,0,0,0,0
1861484141960699904,0,0,0,0,0,0,0,0,0,0,0,0,0,0,0,1,0,0,0,0
1861560572577530112,0,0,0,0,0,0,0,0,0,0,0,0,0,0,0,0,0,0,0,0
1861737666095591936,0,0,0,0,0,0,0,0,0,0,0,0,0,0,0,0,1,0,0,0
1861755850244653056,0,0,0,1,0,0,0,0,0,0,0,0,0,0,0,1,1,0,0,0
1861756261865226496,0,0,0,0,0,0,0,0,0,0,0,0,0,0,0,0,1,0,1,0
1861845871408677120,0,0,1,0,0,0,0,0,0,0,0,0,1,1,0,0,0,0,0,0
1861847222993735936,0,0,0,1,1,0,0,0,0,0,0,0,0,0,0,1,1,0,1,1
1861937678444347904,1,0,0,0,1,1,1,0,0,0,0,0,0,0,1,0,0,1,1,0
1861976639543955968,0,0,0,0,0,0,0,0,0,0,0,0,0,0,0,0,0,0,0,0
1862008191346786304,0,0,0,0,0,0,0,0,0,0,0,0,0,0,0,0,0,0,0,1
1862010724937322752,0,0,0,1,0,0,0,0,1,0,0,0,0,0,1,1,1,1,0,0
1862206223824699904,1,0,0,1,1,0,1,1,0,0,0,0,0,0,1,1,0,0,1,1
1862207304549998336,0,0,0,0,0,0,0,0,0,0,0,0,0,0,0,0,0,0,0,1
1862296978593403136,0,0,0,0,0,0,0,0,0,0,0,0,0,0,0,0,0,0,0,0
1862457730554110464,0,0,0,0,0,0,0,0,0,0,0,0,0,0,0,0,0,0,0,0
1862657428782735872,1,0,0,0,1,1,1,1,0,0,0,0,0,0,0,1,0,0,1,1
1862662079649353984,1,0,0,1,0,1,1,1,0,0,0,0,0,0,0,1,1,0,0,1
1862736988052324864,0,0,0,0,0,0,0,0,0,0,0,0,0,1,1,0,0,0,0,0
1863023156534894848,0,0,0,0,0,0,0,0,0,0,0,0,0,0,0,0,0,1,0,0
1863023556806000896,0,0,0,0,0,0,0,0,0,0,0,0,0,0,0,0,0,0,0,0
1863092843302019584,0,0,0,0,1,0,0,0,0,0,0,0,0,1,0,0,0,0,1,1
1863205222648086784,0,0,0,1,0,0,0,0,1,0,0,0,0,0,1,1,0,0,1,0
1863384313233920512,0,0,0,1,0,0,0,0,0,0,0,0,0,0,1,1,1,0,0,0
1863456003125379584,0,0,0,1,0,0,0,0,0,0,0,0,0,0,1,0,1,0,0,0
1863461920239505664,0,0,0,0,0,1,0,0,0,0,0,0,0,0,0,0,0,0,0,1
1863657976138977536,0,0,0,0,0,0,0,0,0,0,0,0,0,0,0,0,0,0,0,0
1863658541405331712,0,0,0,0,0,0,0,0,0,0,0,0,0,0,0,0,0,0,0,1
1863659147461525248,0,0,0,0,0,0,0,0,0,0,0,0,0,0,0,0,0,0,0,0
1863745334632952320,0,0,0,0,1,0,0,0,0,0,0,0,0,1,1,0,0,0,1,1
1863814151967027200,0,0,0,0,0,0,0,0,0,0,0,0,0,0,1,0,0,0,0,0
1864019956515348736,0,0,0,0,0,0,0,0,0,0,0,0,0,0,0,0,0,0,0,0
1864174175759274496,0,0,0,0,0,0,0,0,0,0,0,0,0,0,0,0,1,0,0,0
1864292324270067968,0,0,0,0,0,0,0,0,0,0,0,0,0,1,0,0,0,0,1,0
1864361561231347968,0,0,0,0,0,0,0,0,0,0,0,0,0,0,0,0,1,0,0,1
1864459116875325184,0,0,0,0,0,0,0,0,0,0,0,0,0,0,0,0,1,0,0,0
1864498213060854272,0,0,0,0,0,0,0,0,0,0,0,0,0,0,0,0,0,0,1,0
1864539865934671872,0,0,0,0,1,0,0,0,0,0,0,0,0,0,0,0,1,0,1,1
1864655965565669888,0,0,0,0,0,0,0,0,0,0,0,0,0,0,0,0,0,0,0,0
1864746757026177280,0,0,0,1,0,0,0,0,0,0,0,0,0,0,1,1,1,0,1,0
1864825077969174528,0,0,0,0,1,0,1,0,0,0,0,0,0,0,0,1,0,1,1,0
1864897609636122880,0,0,0,0,0,0,0,0,0,0,0,0,0,0,1,0,0,0,0,0
1864903877306331904,0,0,0,0,0,0,0,0,0,0,0,0,0,0,0,0,0,0,0,1
1864912815233908736,0,0,0,0,0,0,0,0,0,0,0,0,0,0,0,1,0,0,0,0
1864988971383620096,0,0,0,0,0,0,0,0,0,0,0,0,0,0,0,0,0,0,0,0
1865106544234316288,0,0,0,0,1,0,0,0,0,0,0,0,0,0,0,0,0,0,1,1
1865194937597464832,0,0,0,0,0,0,0,0,0,0,0,0,0,0,0,0,1,0,1,0
1865226888328741120,0,0,0,0,0,1,0,0,0,0,0,0,0,0,0,0,0,0,0,1
1865376474707955968,0,0,0,1,1,0,1,0,0,0,0,0,0,0,1,1,1,0,1,1
1865458442716267008,1,0,0,1,0,0,1,1,0,0,0,0,0,0,1,0,1,0,1,0
1865466178908385280,0,0,0,1,0,0,0,0,1,0,0,0,0,1,1,0,1,0,1,0
1865523902106963968,0,0,0,0,0,0,0,0,0,0,0,0,0,0,1,0,0,0,0,0
1865559205870256384,0,0,0,0,0,0,0,0,0,0,0,0,0,0,0,0,1,0,0,0
1865629646965870336,0,0,0,0,0,0,0,0,0,0,0,0,0,0,0,0,1,0,0,0
1865699869790224384,0,0,0,0,0,0,0,0,0,0,0,0,0,0,0,0,0,0,0,0
1865738300193161216,0,0,0,0,0,0,0,0,0,0,0,0,0,0,0,0,0,0,0,0
1865738361308066048,1,0,0,1,1,0,1,1,0,0,0,0,0,0,1,1,0,1,1,1
1865922362580828416,0,0,0,0,0,0,0,0,0,0,0,1,0,0,0,0,0,1,0,0
1865985933780168704,0,0,0,0,0,0,0,0,0,0,0,0,0,0,0,0,0,0,0,0
1865986201297243904,1,0,0,0,1,1,1,1,0,0,0,0,0,0,0,1,0,1,1,1
1866082897448317184,0,0,0,0,0,0,0,0,0,0,0,0,0,0,0,0,0,0,0,0
1866082985243533568,0,0,0,0,0,0,0,0,0,0,0,0,0,0,1,0,0,1,0,0
1866084127813906432,0,0,0,0,0,0,0,0,0,0,0,0,0,0,0,0,0,0,1,0
1866101197213680128,1,0,0,0,0,1,1,1,0,0,0,0,0,0,1,0,0,1,0,0
1866101544569229568,1,0,0,0,1,0,1,1,0,0,0,0,0,0,0,0,0,0,1,1
1866101721807864064,1,0,0,0,0,1,0,1,0,0,0,0,0,0,1,0,0,0,0,0
1866102094828302848,0,0,0,0,1,1,0,0,0,0,0,0,0,0,0,0,0,1,1,0
1866103707097866496,0,0,0,0,0,0,0,0,0,0,0,0,0,0,0,0,0,0,0,0
1866187138892521472,0,0,0,1,0,0,0,0,0,0,0,0,1,0,1,1,1,0,0,0
1866350639800070912,0,0,0,0,0,0,0,0,0,0,0,0,0,0,0,0,0,0,0,0
1866360371097030912,1,0,0,1,1,1,1,1,0,0,0,0,0,0,1,1,0,1,1,1
1866532710610767872,0,0,0,0,0,0,0,0,0,0,0,0,0,0,0,0,0,0,0,0
1866558648324895232,1,0,0,1,1,1,1,1,0,0,0,0,0,0,1,1,1,1,1,0
1866642970566418688,0,0,0,1,0,0,0,1,0,1,0,0,0,0,1,1,1,0,0,1
1866680256901664768,1,0,0,1,0,1,1,0,0,0,0,0,0,0,1,1,0,0,1,0
1866721491867389952,0,0,0,0,1,0,0,0,0,0,0,0,0,0,0,0,0,0,1,1
1866827775488954880,1,0,0,0,1,0,1,1,0,0,0,0,0,0,0,0,0,0,1,1
1866830034247294976,0,0,0,1,0,0,0,0,0,0,0,0,0,1,1,1,0,0,0,0
1867006777197281280,0,0,0,1,0,0,0,1,0,0,1,0,0,0,1,1,1,0,1,0
1867009806319657216,0,0,0,1,0,0,0,1,0,0,0,0,0,0,0,1,1,1,0,0
1867064070001868800,1,0,0,1,0,1,1,1,0,0,0,0,0,0,1,0,1,1,0,0
1867085916818538752,1,0,0,0,1,1,1,1,0,0,0,0,0,0,0,1,0,1,1,1
1867191123879629056,0,0,0,1,0,0,0,0,0,0,0,0,0,0,0,1,1,1,0,0
1867277124651934464,0,0,0,1,0,1,0,0,0,0,0,0,0,1,1,1,0,0,1,0
1867442141339038464,1,0,0,0,1,1,1,1,0,0,0,0,0,0,1,0,0,1,1,1
1867544748761707008,0,0,0,0,0,0,0,0,0,0,0,0,0,0,0,0,0,0,0,0
1867624666455547904,0,0,0,0,1,0,0,0,0,0,0,0,0,0,0,0,0,1,0,1
1867684023482683904,0,0,0,0,0,0,0,0,0,0,0,0,0,0,0,0,0,0,0,0
1867741189581287680,0,0,0,0,0,0,0,0,0,0,0,0,0,0,0,0,0,0,0,0
1867796631170822400,0,0,0,0,0,0,0,0,0,0,0,0,0,0,0,0,0,0,0,0
1867799196709138688,0,0,1,0,0,0,0,0,0,0,0,1,0,1,0,0,0,0,0,0
1867801445464228096,0,0,0,0,0,0,0,0,0,1,0,0,1,0,1,0,0,0,0,0
1867810247567659520,0,0,0,1,0,0,0,0,0,0,0,0,0,0,1,0,1,0,0,0
1867811497025712384,0,0,0,0,0,0,0,0,0,0,0,0,0,0,0,0,0,0,0,0
1867907919750074368,0,0,0,0,0,1,0,0,0,0,0,0,0,0,0,0,0,0,0,0
1867914833200632064,0,0,0,0,0,0,0,0,0,0,0,0,0,0,0,0,0,0,1,0
1867917673775902976,0,0,0,0,0,0,0,0,0,0,0,0,0,0,0,0,0,0,0,0
1868048172473561088,0,0,0,0,0,0,0,0,0,0,0,0,0,0,0,0,1,0,0,0
1868171697922400512,1,0,0,0,1,0,1,1,0,0,0,0,0,0,0,0,0,0,1,1
1868199457281528064,0,0,0,0,0,0,0,0,0,0,0,0,0,0,0,0,0,0,0,0
1868390678008570112,1,0,0,1,1,1,1,1,0,0,1,0,0,0,1,1,1,1,1,1
1868456075793461248,0,0,0,0,0,0,0,0,0,0,0,0,0,0,1,0,0,0,0,0
1868457398115111168,0,0,0,0,0,0,0,0,0,0,0,0,0,1,0,0,0,0,0,0
1868527155279499520,0,0,0,1,1,0,0,0,1,0,0,0,0,0,1,0,1,1,1,0
1868535852747628800,0,1,0,1,1,0,0,1,1,1,1,0,0,0,1,0,1,0,1,1
1868623765925696000,0,0,0,1,1,0,0,0,0,0,0,0,0,0,1,0,1,1,1,0
1868732517421137920,0,0,0,0,0,0,0,0,0,0,0,0,0,0,0,0,0,0,1,0
1868791057686970368,0,0,0,1,0,0,0,0,0,0,0,0,0,0,1,1,1,0,1,0
1868820290131927552,0,0,0,1,1,0,1,0,0,0,0,0,0,0,0,1,1,0,1,1
1868840757148500480,1,0,0,1,1,1,1,1,0,0,1,0,0,0,1,1,1,1,1,1
1868889385963586048,1,0,0,1,1,1,1,0,0,0,0,0,0,0,0,1,1,1,0,1
1869000080872898816,0,0,0,0,0,1,0,0,0,0,0,0,0,0,0,0,0,0,1,0
1869002261197971968,0,0,0,0,0,0,0,0,0,0,0,0,0,0,0,0,0,0,0,0
1869002282094018816,0,0,0,0,0,0,0,0,0,0,0,0,0,0,0,0,0,0,0,1
1869095042675294464,0,0,0,0,0,0,0,0,0,0,0,0,0,0,0,0,0,0,0,0
1869253796259344896,0,0,0,0,0,0,0,0,0,0,0,0,0,0,0,0,0,0,1,0
1869255023588466688,0,1,0,0,1,0,0,0,1,1,0,0,0,0,0,0,0,1,0,1
1869357227129360896,0,0,0,0,0,0,0,0,0,0,0,0,0,0,0,0,0,0,0,0
1869364730374287616,0,0,0,1,0,0,0,1,0,0,0,0,0,0,1,1,1,0,0,1
1869457302220423680,0,0,0,0,0,0,0,0,0,0,0,0,0,0,0,0,0,0,0,0
1869602172931097088,1,0,0,1,1,1,1,1,0,0,0,0,0,0,0,1,1,1,1,0
1869610331192074496,0,0,0,1,0,1,0,0,0,0,0,0,0,0,1,1,0,0,0,1
1869685789866791168,0,0,0,0,0,0,0,0,0,0,0,0,0,0,0,0,1,0,0,0
1869728432667742464,0,0,0,0,0,0,0,0,0,0,0,0,0,0,1,0,0,0,0,0
1869790314501944064,1,0,0,1,1,0,1,1,0,0,0,0,0,0,1,1,1,0,1,1
1869911888173088768,0,0,0,0,0,0,0,0,0,0,0,0,0,0,0,0,0,0,0,0
1870088487401148928,1,0,0,0,0,1,1,0,0,1,0,0,0,0,0,0,1,0,1,0
1870179998952194304,0,0,0,1,0,1,0,0,1,0,0,0,0,0,0,1,1,0,0,0
1870272743825887232,0,0,0,1,0,0,0,0,0,0,0,0,0,0,1,1,1,1,0,0
1870281611549237248,0,0,0,0,0,0,0,0,0,0,0,0,0,0,1,0,0,0,0,0
1870338029757276416,0,0,0,1,0,0,0,0,0,0,0,0,0,0,1,1,0,0,0,0
1870348842505261312,0,0,0,1,0,0,0,0,0,0,0,0,0,1,1,1,0,0,0,0
1870367356410634496,0,0,0,0,0,0,0,0,0,0,0,0,0,0,0,0,0,0,0,0
1870396542634308096,0,0,0,0,0,0,0,0,0,0,0,0,0,0,0,0,0,0,0,0
1870450979604467968,0,0,0,0,0,0,1,0,0,1,0,0,0,0,0,1,0,0,0,0
1870452053061091584,0,0,0,1,0,0,1,0,0,0,0,0,0,0,1,1,0,0,1,0
1870514313938780416,0,0,1,0,0,0,0,0,0,0,0,1,0,1,0,1,0,0,0,0
1870537848212140032,0,0,1,0,0,0,1,0,0,0,0,1,1,1,0,0,0,0,0,0
1870538878530314752,1,0,0,1,0,1,1,0,1,0,0,0,0,0,1,1,1,0,0,0
1870568929074237184,0,0,0,0,0,0,0,0,1,0,0,0,0,0,0,0,0,0,0,1
1870630842432729088,0,0,0,0,0,0,0,0,0,0,0,0,0,0,0,0,0,0,0,0
1870813648446476800,0,0,0,0,0,0,0,0,0,0,0,0,0,0,0,0,0,0,0,0
1870877608453550336,0,0,0,1,0,1,0,0,0,0,0,0,0,0,1,1,0,1,0,0
1870900481633198336,0,0,0,1,0,0,0,0,0,0,1,0,0,0,1,1,0,0,0,0
1871060730889355520,0,0,0,0,0,0,0,0,0,0,0,0,0,0,0,0,0,0,0,0
1871170577244753920,0,0,0,0,0,0,0,0,0,0,0,0,0,0,0,0,0,0,0,0
1871241182111776768,0,0,0,0,0,0,0,0,0,0,0,0,0,0,1,0,0,0,0,0
1871322466707976448,0,0,0,0,0,0,0,1,0,0,0,0,0,0,0,0,0,0,0,1
1871354954369396992,0,0,0,0,0,,,,,,,,,,,,,,,
1871359236309233920,0,0,1,0,0,0,0,0,0,0,0,1,0,1,0,1,0,0,0,0
1871398020526268416,0,0,0,0,0,0,0,0,0,0,0,0,0,0,0,0,1,0,1,0
1871425386632101888,0,0,0,0,0,0,0,0,0,0,0,0,0,0,0,0,1,0,0,0
1871535295923093504,0,0,0,0,0,0,0,0,0,0,0,0,0,0,0,0,0,0,0,1
1871541190467964928,0,0,0,0,0,0,0,0,0,0,0,0,0,0,0,1,0,0,0,0
1871541419955060736,0,0,0,0,0,0,0,0,0,0,0,0,0,0,1,0,0,0,0,0
1871722059505803520,0,0,0,0,0,0,0,0,0,1,0,0,0,0,0,0,0,0,0,0
1871725994710802688,0,0,0,0,0,0,0,0,0,0,0,0,0,0,0,0,0,0,0,1
1871731892472705280,0,0,0,0,0,0,0,0,0,0,0,0,0,0,0,0,0,0,1,0
1871900981593838080,0,0,1,0,0,0,0,1,0,0,0,0,1,1,0,0,0,0,0,1
1871903817954124032,0,0,0,1,0,0,0,0,0,0,0,0,0,0,1,0,1,0,0,0
1872060020533367552,0,0,0,1,1,0,1,0,0,0,0,0,0,0,1,0,1,1,1,1
1872073882318103040,0,0,0,0,0,0,0,0,0,0,0,0,0,0,0,0,1,0,0,0
1872081938607173632,1,0,0,1,1,1,1,0,0,0,0,0,0,0,1,1,0,1,0,1
1872157962594091520,0,0,0,0,0,0,0,0,0,0,0,0,0,0,0,0,0,0,0,0
1872197418827342080,0,0,0,0,0,0,0,1,0,0,0,0,0,0,0,0,0,0,0,0
1872255271248249088,1,0,0,0,1,1,1,0,0,0,0,0,0,0,0,1,0,1,1,0
1872258561117388800,0,0,0,0,0,0,0,0,0,0,0,0,0,0,0,0,0,0,0,0
1872435999747538944,0,0,0,0,0,0,0,0,1,0,0,0,0,1,0,1,0,0,0,0
1872628461376057600,0,0,0,0,0,0,0,0,0,0,0,0,0,0,0,0,0,0,0,0
1872680560369578496,0,0,0,0,0,0,0,0,0,0,0,0,0,1,1,0,0,0,1,0
1872713056306008320,1,0,0,1,1,1,1,1,0,0,0,0,0,0,0,1,1,1,1,1
1872713440831460096,0,0,1,0,0,1,0,0,0,0,0,1,0,1,0,1,0,0,0,0
1872715340003852288,0,0,0,0,0,0,0,0,0,0,0,0,0,0,1,0,0,0,0,1
1872878619384791552,0,0,0,0,1,0,0,0,0,0,0,0,0,0,0,0,0,1,1,0
1872981288405409536,0,0,0,1,0,0,0,0,0,0,0,0,0,0,1,1,0,1,0,0
1872990752193880320,1,0,0,0,1,1,1,1,0,0,0,0,0,0,1,0,0,1,1,1
1873152623504965632,0,0,0,0,0,1,0,0,0,0,0,0,0,0,1,0,0,0,0,0
1873312024819896832,0,0,1,0,0,0,0,0,0,0,0,1,0,1,1,0,0,0,0,0
1873353376060014848,0,0,0,0,0,0,0,0,0,0,0,0,0,0,0,0,0,0,0,0
1873798478427480320,0,0,0,0,1,0,0,0,0,0,0,0,0,0,0,0,0,1,1,1
1873890999644414464,1,0,0,0,1,1,1,1,0,0,0,0,0,0,1,0,0,1,1,1
1873903787422998528,0,0,0,0,0,0,0,0,0,0,0,0,0,0,0,0,0,0,1,0
1873958924841607680,1,0,0,1,1,1,1,1,0,0,0,0,0,0,1,0,1,1,1,1
1873970877727204096,0,0,0,0,0,0,0,0,0,0,0,0,0,0,0,0,0,0,0,0
1874150928980599552,0,0,0,0,0,0,0,0,0,0,0,0,0,0,0,0,0,0,0,0
1874166610514313216,1,0,0,1,0,1,1,0,1,0,0,0,0,0,1,1,0,0,1,0
1874166694316327680,0,0,0,1,0,0,0,0,0,0,0,0,0,0,1,0,1,0,1,0
1874167075914014976,0,0,0,0,0,0,0,0,0,0,0,0,0,0,0,0,0,1,0,0
1874256918157680896,0,0,0,0,0,0,0,0,0,0,0,0,0,0,0,0,0,0,0,0
1874257733450617088,0,0,0,0,0,0,0,0,0,0,0,0,0,0,0,0,0,0,0,1
1874274425459400704,0,0,0,0,0,0,0,0,0,0,0,0,0,0,0,0,0,0,0,0
1874327280224526848,0,0,0,0,1,0,0,0,0,0,0,0,0,0,0,0,0,0,1,1
1874430849527296512,0,0,0,0,0,0,0,0,0,0,0,1,0,0,0,0,0,0,0,1
1874855673818944000,0,0,0,0,1,0,0,0,0,0,0,0,0,0,0,0,1,1,1,0
1874869357295353600,0,0,0,0,0,0,0,0,0,0,0,0,0,0,0,0,1,0,0,0
1874914006080848384,0,0,0,0,0,0,0,0,0,0,0,0,0,0,0,0,1,1,0,0
1874969766370443520,0,0,0,1,0,0,0,1,0,0,0,0,0,0,1,0,1,0,0,0
1875081744518648064,0,0,0,1,1,0,0,0,0,0,0,0,0,0,1,0,1,1,0,1
1875222094473990912,0,0,0,1,1,0,0,0,0,0,0,0,0,0,1,1,1,0,1,1
1875226154816197120,0,0,0,0,0,0,0,0,0,0,0,0,0,0,0,0,1,0,0,1
1875236058582974720,0,0,0,0,0,,,,,,,,,,,,,,,
1875255590785814784,0,0,0,0,0,0,0,0,0,0,0,0,0,0,0,0,0,0,0,0
1875344100431687936,0,0,0,0,1,0,0,0,0,0,0,0,0,0,0,0,0,0,1,1
1875406428011426048,0,0,0,0,0,0,0,0,0,0,0,0,1,0,1,0,0,0,0,0
1875458212679626752,0,0,0,0,1,1,0,0,0,0,0,0,0,0,1,0,0,1,1,0
1875563604579397888,0,0,0,0,0,0,0,0,1,0,0,1,0,0,0,0,0,0,0,0
1875611240820826368,1,0,0,1,1,1,1,1,1,0,0,0,0,0,1,1,1,1,1,1
1875617471732097024,1,0,0,0,1,1,1,1,0,0,0,0,0,0,0,1,0,1,1,1
1875705000690893056,0,0,0,0,1,1,0,0,0,0,0,0,0,0,1,0,0,1,1,1
1875712581312376832,0,1,1,0,0,0,1,0,1,1,0,1,1,1,0,0,0,0,0,0
1875775809216246016,0,0,0,0,0,0,0,0,0,0,0,0,0,0,0,0,0,1,0,0
1875800749344735232,0,1,0,0,0,0,0,0,1,1,0,0,0,1,0,1,0,0,1,0
1876501722014597632,1,0,0,0,1,1,1,1,1,0,0,0,0,0,0,1,0,1,1,1
1876504323116696064,0,0,0,1,0,0,0,1,1,0,0,0,0,0,1,0,1,0,0,0
1876608536052109568,0,0,0,1,0,0,0,0,0,0,0,0,0,0,0,1,1,0,0,0
1876742971715928832,0,0,1,0,0,0,0,0,0,0,0,1,1,0,0,0,0,0,0,0
1876768542877446400,0,0,0,0,0,0,0,0,0,0,0,0,0,1,0,0,0,0,0,0
1876777770023588096,0,0,0,0,0,0,0,0,0,0,0,0,0,0,0,0,0,0,0,0
1876793793422221568,0,1,0,0,0,0,0,0,1,1,1,0,0,1,1,0,0,0,0,0
1876794594890842368,0,0,0,1,0,0,0,0,0,0,0,0,0,0,1,1,0,0,0,0
1876960151359439104,0,0,0,0,0,0,0,0,0,0,0,0,0,0,0,0,0,1,0,0
1877065479832866816,0,0,0,1,0,0,0,1,0,0,0,0,0,0,1,1,0,0,0,1
1877191220994388480,1,0,0,0,1,1,0,1,0,0,0,0,0,0,0,0,0,1,1,1
1877373019552698368,0,0,0,0,1,0,0,1,0,0,0,0,0,0,0,0,0,0,1,1
1877413865526379008,0,0,0,0,0,0,0,0,0,0,0,0,0,0,0,0,0,0,0,0
1877558768898126080,0,0,0,1,1,0,0,1,0,0,0,0,0,0,0,1,1,0,1,1
1877596175865434112,0,0,0,0,0,0,0,0,0,0,0,0,0,0,0,0,0,0,0,0
1877697673093898496,0,1,0,0,0,0,0,0,1,1,1,0,0,0,0,0,0,0,0,1
1877790291073052928,1,0,0,0,1,1,1,0,0,0,0,0,0,0,0,0,1,1,1,0
1877955838499037184,0,0,0,0,0,,,,,,,,,,,,,,,
1878022378283819520,1,0,0,1,1,1,1,1,0,0,0,0,0,0,1,1,0,1,1,1
1878100036195614720,0,0,0,0,0,0,1,0,0,0,0,0,0,1,0,1,0,1,0,0
1878111581889786112,0,0,0,0,0,0,0,0,0,0,0,0,0,0,0,0,0,0,0,0
1878121017073139968,0,0,0,0,0,0,0,0,0,0,0,0,0,0,0,0,0,0,0,0
1878233127526744064,1,0,0,1,1,1,1,1,1,0,0,0,0,0,1,0,1,1,1,0
1878238462257570048,1,0,0,0,1,1,1,1,0,0,0,0,0,0,1,0,0,1,1,1
1878511211593007104,0,0,0,0,0,0,0,0,0,0,0,0,0,0,0,0,0,0,0,0
1878599514061492480,0,0,0,1,1,0,0,1,0,0,0,0,0,0,0,1,1,1,1,0
1878781565813068032,0,0,0,0,0,0,0,0,0,0,0,0,0,0,0,0,0,0,0,0
1878849543069978880,0,0,0,0,0,0,0,0,0,0,0,0,0,0,0,0,0,0,0,0
1878878921594417152,0,0,0,1,0,0,0,0,0,0,0,0,0,0,1,1,1,1,0,0
1878879715940802816,0,0,0,0,0,0,0,0,0,0,0,0,0,0,0,0,0,0,0,0
1879039445254754304,1,0,0,1,0,1,0,1,0,0,0,0,0,0,1,0,1,0,0,0
1879126659598602496,0,0,0,0,0,0,0,0,0,0,0,0,0,0,0,0,1,0,0,0
1879213679578685952,0,0,0,1,0,0,0,0,0,0,0,0,0,0,1,1,0,0,1,0
1879235033845903872,1,0,0,0,1,1,1,1,0,0,0,0,0,0,1,0,0,1,1,1
1879239704094425088,0,0,1,0,0,0,0,0,0,0,0,0,1,1,0,0,0,0,0,0
1879307299325395200,0,0,0,0,0,0,0,0,0,0,0,0,0,0,0,0,0,0,0,0
1879332587094896896,0,1,0,0,0,0,0,0,1,1,1,0,0,0,1,0,0,0,0,0
1879395528716500736,0,0,0,0,0,0,0,0,0,0,0,0,0,0,0,1,0,0,1,0
1879556580741698048,0,0,0,0,0,0,0,1,0,0,0,0,0,0,0,0,0,0,0,1
1879567659727307008,1,0,0,0,1,1,0,1,0,0,0,0,0,0,1,0,0,0,1,1
1879598927974142464,0,0,0,0,0,0,0,0,0,0,0,0,0,0,0,0,0,0,1,0
1879689649012269312,0,0,0,0,0,0,0,0,0,0,0,0,0,0,0,0,1,0,0,0
1879722865001459968,1,0,0,1,1,1,1,1,0,0,0,0,0,0,1,1,1,1,1,0
1879769869207719936,0,0,0,0,0,0,0,0,0,0,0,0,0,0,0,1,0,0,0,1
1879875528410444288,0,0,0,0,0,0,0,0,0,0,0,0,0,0,0,0,0,0,0,0
1879931863902613504,0,0,0,1,0,0,0,0,0,0,0,0,1,0,0,1,1,0,1,0
1879988229316964864,0,0,0,0,0,0,0,0,0,0,0,0,0,0,0,0,0,0,0,0
1880049559470240000,0,0,0,0,0,0,0,0,0,0,0,0,0,0,0,0,0,0,0,0
1880120030555177216,0,0,0,0,0,0,0,0,0,0,0,0,0,0,0,0,0,0,0,0
1880225428998336768,0,0,0,0,0,0,0,0,0,0,0,0,0,0,0,0,1,0,0,0
1880232229533598464,0,0,0,0,0,0,0,0,0,0,0,0,0,0,0,0,0,0,0,0
1880329376488980992,0,0,0,0,0,0,0,0,0,0,0,0,0,0,0,0,0,0,0,0
1880379832581910528,0,0,0,0,0,0,0,0,0,0,0,0,0,0,1,0,0,0,0,0
1880414439301902336,0,0,0,0,0,0,0,0,0,0,0,0,0,0,0,0,1,0,0,0
1880416721942807040,1,0,0,1,1,1,1,1,0,0,0,0,0,1,0,1,1,1,1,0
1880598942356050432,0,0,0,0,0,0,0,0,0,0,1,0,0,0,0,0,0,0,0,1
1880656397593149696,0,0,0,0,1,0,1,0,0,0,0,0,0,1,0,1,0,1,1,0
1880688361876365312,1,1,0,1,0,1,0,1,1,1,1,0,0,0,1,1,1,0,0,1
1880782225660162304,0,0,0,1,0,0,0,0,0,0,0,0,0,0,1,0,1,0,1,0
1880850690182124032,0,1,0,1,0,0,0,0,0,1,1,0,0,0,1,1,0,0,0,1
1880961039401210112,0,0,0,1,0,0,0,0,0,0,0,0,0,0,1,0,1,0,0,1
1881006199182942464,0,1,0,1,1,1,0,0,1,1,1,0,0,0,1,1,1,1,1,0
1881163106208133120,1,0,0,1,1,1,1,1,0,0,0,0,0,0,1,0,1,0,1,1
1881215437767426304,0,0,0,1,0,0,0,0,1,0,0,0,0,1,1,1,1,0,0,0
1881219810597744896,0,0,0,0,0,1,0,0,0,0,0,0,0,0,0,0,0,1,0,0
1881413861594878464,0,0,0,0,0,0,0,0,1,0,0,0,0,0,0,0,0,0,0,1
1881581064449344000,0,0,0,1,0,0,0,0,1,0,0,0,0,0,1,1,0,0,0,0
1881645464132760064,0,0,0,0,0,0,0,0,0,0,0,0,0,0,0,0,0,0,0,0
1881686217680356096,0,0,0,0,1,0,0,0,0,0,0,0,0,0,0,0,0,0,1,1
1881775554325819904,1,0,0,0,1,1,1,1,0,0,0,0,0,0,1,0,0,1,1,1
1881906070882316288,0,0,0,0,0,0,0,1,0,0,0,0,0,0,0,0,1,1,0,0
1881932488408444928,0,0,0,1,0,0,0,0,0,0,0,0,0,0,1,1,0,0,0,0
1882022370933944320,0,0,0,0,0,0,0,0,0,0,0,0,0,0,0,0,0,0,1,0
1882136028254965504,1,0,0,1,0,1,1,1,0,0,0,0,0,0,0,1,1,0,0,1
1882191220753256448,0,0,0,0,0,0,0,0,0,0,0,0,0,0,0,0,0,0,0,0
1882231233935220992,1,0,0,0,0,1,0,1,0,0,0,0,0,0,1,0,0,1,0,0
1882235598775398912,0,0,0,0,0,0,0,0,0,0,0,0,0,0,0,0,0,0,0,0
1882269007958745088,0,0,0,0,0,0,0,0,0,0,0,0,0,0,0,0,0,0,0,0
1882358425360974080,0,0,0,0,0,0,0,0,0,0,0,0,0,0,0,0,0,0,1,0
1882502960376327936,0,0,0,1,0,0,0,0,0,0,0,0,0,0,1,1,0,0,0,0
1882771770534658304,0,0,0,1,1,1,0,0,0,0,1,0,0,0,1,1,1,1,0,1
1882828025089392896,1,0,0,0,0,1,0,1,0,0,0,0,0,0,0,0,0,0,0,1
1882837908073431552,0,0,0,1,0,0,0,0,0,0,0,0,0,0,0,1,1,0,0,1
1882865427401072896,0,0,0,0,0,1,0,0,0,0,0,0,0,0,1,0,0,0,1,0
1882946555591934464,1,0,0,1,1,1,1,1,0,0,0,0,0,0,1,1,1,0,1,1
1882949801383469568,0,0,0,0,1,0,0,0,0,0,0,0,0,0,0,0,0,1,0,1
1882955496283590912,1,0,0,0,1,0,1,1,0,0,0,0,0,0,0,0,0,1,1,1
1883094107368849664,0,0,0,0,0,0,0,0,0,0,0,0,0,0,0,0,1,0,0,0
1883228144599224832,0,0,0,0,0,0,0,0,0,0,0,0,0,0,0,0,0,0,0,0
1883254632413282304,0,0,0,0,0,0,0,0,0,0,0,0,0,0,0,0,0,0,0,0
1883315193536782336,1,0,0,1,0,1,1,1,0,0,0,0,0,0,0,1,1,0,0,1
1883497518983737600,0,0,0,0,0,0,0,0,0,0,0,0,0,0,0,0,1,1,0,0
1883562115115651584,1,0,0,0,1,1,1,1,0,0,0,0,0,0,0,0,0,1,1,0
1883585273822597632,0,0,0,0,0,0,0,0,0,0,0,0,0,0,0,0,1,0,1,0
1883623687124894464,0,0,0,0,0,0,0,0,0,0,0,0,0,0,0,0,0,0,0,0
1883697314159837184,1,0,0,0,0,1,0,1,0,0,0,0,0,0,0,0,0,1,0,0
1883980454740779520,0,0,0,0,0,1,0,0,0,0,0,0,0,0,0,0,0,0,0,0
1884042343088583168,0,0,0,0,0,0,0,0,0,0,0,0,0,0,0,0,0,0,0,0
1884268715228946944,0,0,0,1,1,0,0,1,0,0,1,0,0,0,1,0,1,1,1,1
1884397079096594432,0,0,0,0,0,0,0,1,1,0,0,0,0,0,1,0,0,0,0,0
1884585411500032512,0,0,0,0,0,0,1,0,0,0,0,0,0,0,0,0,0,0,0,1
1884752890427764992,0,0,0,1,1,0,0,1,0,0,0,0,0,0,0,1,1,0,1,1
1884761894780653568,0,0,0,1,0,0,0,0,0,0,0,0,0,0,1,0,1,0,1,0
1884780847275855872,0,1,0,1,0,1,0,0,1,1,1,0,0,0,1,1,0,0,0,1
1884948575567896832,0,0,0,0,0,0,0,0,0,0,0,0,0,0,1,0,0,0,0,0
1885301440786072064,1,0,0,1,1,1,1,1,0,0,0,0,0,0,1,1,0,0,1,1
1885310757560066304,0,0,0,0,1,0,0,1,0,0,0,0,0,0,0,0,0,0,1,1
1885452246936170496,0,0,0,0,0,0,0,0,0,0,0,0,1,0,1,0,0,0,0,0
1885470031405829888,1,0,0,0,0,1,0,1,0,0,0,0,0,0,1,0,0,1,0,0
1885585994855899136,0,0,0,0,0,0,0,0,0,0,0,0,0,0,0,0,0,0,0,0
1885626020121993728,0,0,0,0,0,0,0,0,0,0,0,0,0,0,0,0,1,0,0,0
1885703340090118912,1,0,0,0,1,1,1,1,0,0,0,0,0,0,0,1,0,1,0,1
1885760316199350272,0,0,0,0,0,0,0,0,0,0,0,0,0,0,0,0,0,0,0,0
1886206965065580800,0,0,0,1,0,0,1,0,0,0,0,0,1,0,1,0,1,0,1,0
1886392411040932096,0,0,0,0,0,0,0,0,0,0,0,0,0,0,0,0,0,0,0,0
1886570349560512768,0,0,0,0,1,0,0,1,0,0,0,0,0,0,0,0,1,1,1,1
1886646464807624960,0,0,0,0,0,0,0,0,0,0,0,0,0,0,0,0,0,1,0,0
1886754783890931968,0,0,0,0,1,0,1,0,0,0,0,0,0,0,0,0,0,1,0,1
1886941191540789248,1,0,0,1,1,1,1,0,0,0,0,0,0,0,1,0,1,1,1,1
1887080441607344128,0,0,0,1,0,0,0,0,0,0,0,0,0,0,1,0,1,1,0,0
1887209740804988928,0,0,0,0,0,0,0,0,0,0,0,0,0,0,0,0,0,0,1,0
1887213315593777152,1,0,0,0,1,1,1,1,0,0,0,0,0,0,0,0,0,1,1,1
1887248672317956096,0,0,0,1,0,0,0,0,1,0,0,0,0,0,1,1,1,0,1,0
1887281228283347712,1,0,0,0,1,1,1,1,0,0,0,0,0,0,0,0,1,1,1,0
1887376019243639040,1,0,0,1,1,1,1,0,0,0,0,0,0,0,1,0,1,1,1,1
1887378360587657728,0,0,0,0,0,0,0,0,0,0,0,0,0,0,1,0,0,0,0,0
1887380633824944384,0,0,0,0,0,0,0,0,0,0,0,0,0,0,0,1,0,1,0,0
1887474701880205568,0,0,0,0,0,0,0,0,0,0,0,0,0,0,0,0,0,0,1,0
1887480403159576832,0,0,1,1,1,0,0,0,0,0,0,1,1,0,0,1,1,1,1,0
1887573722732625920,0,0,0,0,0,0,0,0,0,0,0,0,0,0,0,0,0,0,0,1
1887731574277337600,0,1,0,0,0,0,1,0,1,1,1,0,0,0,0,1,0,0,0,0
1887743108563239168,0,0,0,0,0,0,0,0,0,0,0,0,0,0,0,0,0,0,0,1
1887827166731316736,1,0,0,1,0,0,1,1,0,0,0,0,0,0,1,1,0,0,1,0
1887834278731403520,0,0,0,1,1,0,0,1,0,0,1,0,0,0,0,1,1,1,1,0
1887846049856786688,0,0,0,0,0,0,0,0,1,0,0,0,0,0,0,0,0,0,0,0
1887847733991816704,0,0,1,0,0,0,0,0,0,0,0,1,0,1,0,1,0,0,0,0
1887912839488192768,1,0,0,1,1,1,0,1,0,0,0,0,0,0,1,1,1,1,0,1
1887918265478808064,0,0,0,0,0,0,0,0,0,0,0,0,0,0,0,0,0,0,0,0
1887935781039390976,1,0,0,1,1,1,1,1,0,0,0,0,0,0,1,1,1,1,1,1
1887938100351091200,1,0,0,0,1,1,1,1,0,0,0,0,0,0,0,0,0,1,1,1
1888017666310299904,0,1,0,0,0,0,0,0,1,1,0,0,0,1,0,0,0,0,0,0
1888027043746476288,0,0,0,0,0,0,0,0,1,0,0,0,0,0,1,0,0,1,0,0
1888094387948716032,1,0,0,1,0,1,0,1,0,0,0,0,0,0,0,1,1,1,0,0
1888160652537032960,1,0,0,1,0,1,1,1,0,0,0,0,0,0,1,1,0,0,1,0
1888209641634500864,1,0,0,1,0,0,1,1,0,0,0,0,0,0,0,1,1,0,1,0
1888253134222569472,0,0,0,0,0,0,0,0,0,0,0,0,0,0,0,0,0,0,0,0
1888262012448216064,0,0,0,0,0,0,0,0,0,0,0,0,0,0,0,0,1,0,0,0
1888355222260781312,0,0,0,0,1,0,0,0,0,0,0,0,0,0,0,1,0,1,1,1
1888380692481875968,0,0,0,0,0,0,0,0,0,1,0,1,0,0,0,0,0,0,0,0
1888390948394254848,0,0,0,1,0,0,0,0,0,0,0,0,0,0,1,1,1,0,1,0
1888393135316767232,0,0,0,1,1,0,0,0,0,0,1,0,0,0,1,1,0,1,0,1
1888434004858466816,0,0,0,0,0,1,0,0,0,0,0,0,0,0,1,0,0,0,0,0
1888527227907690752,0,0,0,1,0,0,0,0,0,0,0,0,0,0,0,1,1,0,0,0
1888570379263729920,0,0,0,0,0,0,0,0,0,0,0,0,0,1,1,0,0,0,0,0
1888572585677656320,0,0,0,0,1,0,0,0,0,0,0,0,0,0,0,0,0,1,0,1
1888661371669119232,0,0,0,0,0,0,0,0,0,0,0,0,0,0,1,0,0,0,1,0
1888678894129086720,1,0,0,0,1,0,1,1,0,1,0,0,0,0,0,1,0,1,0,1
1888749298269192448,0,1,0,0,0,0,0,0,0,1,1,0,0,0,1,0,0,0,0,0
1888812551648977152,0,0,0,0,0,0,0,0,0,0,0,0,0,0,0,0,0,0,0,1
1889103488120209920,0,0,0,1,1,0,1,0,0,0,0,0,0,0,1,1,0,0,1,1
1889115654151934464,0,0,0,0,0,0,0,0,0,0,0,0,1,0,0,0,0,0,0,0
1889169533778412032,0,0,0,0,0,0,0,0,0,0,0,0,0,0,1,0,0,0,1,0
1889185157367644416,0,0,0,1,0,0,0,0,0,0,1,0,0,0,1,0,1,0,0,0
1889284068023443968,0,0,0,1,1,0,0,0,0,0,0,0,1,0,1,0,1,0,1,1
1889386785102549248,0,0,0,1,0,0,1,0,0,0,0,0,0,0,1,0,1,0,1,0
1889494626572055040,1,0,0,1,1,1,1,0,0,0,0,0,0,0,0,1,1,1,1,1
1889657653900567040,1,0,0,0,1,0,1,1,0,0,0,0,0,0,0,1,0,1,1,0
1889987752390971904,0,0,0,0,0,0,0,0,0,0,0,0,0,0,1,0,0,0,0,0
1890109046721769216,1,0,0,1,0,1,0,1,0,0,0,0,0,0,1,0,1,0,0,1
1890110411221135872,0,0,0,1,1,0,0,1,0,0,1,0,0,0,1,1,1,1,1,1
1890159449278677248,0,0,0,0,0,0,0,0,1,0,0,0,0,0,1,0,0,0,0,0
1890193319558570496,0,0,0,0,1,0,0,0,0,0,0,0,0,0,0,0,0,1,0,1
1890196376774181120,0,0,0,0,0,0,0,0,0,0,0,0,0,0,0,0,0,1,0,0
1890382700814426368,0,1,0,1,1,0,0,0,1,1,0,0,0,1,1,1,0,1,1,0
1890445673251602688,0,0,0,0,1,0,0,0,0,0,0,0,0,0,0,0,1,1,1,1
1890490214810066944,0,0,0,0,0,0,0,0,0,0,0,0,0,0,0,0,0,0,0,1
1890731089624203520,0,0,0,1,0,0,1,0,0,0,0,0,0,0,1,1,1,0,1,0
1890743031277465600,0,0,0,0,0,0,0,0,0,0,0,1,0,0,0,0,0,0,0,0
1890795875942666752,0,0,0,1,0,0,0,0,0,0,1,0,0,0,1,0,1,0,1,0
1890920465717133312,1,0,0,0,0,1,1,1,0,0,0,0,0,0,0,0,0,0,1,0
1890921176014128128,0,0,0,0,0,0,0,1,1,0,0,0,0,0,1,0,0,0,1,0
1890925060648485120,0,0,0,0,0,0,0,0,0,0,0,0,0,0,0,0,0,0,0,0
1890926972529746432,0,0,0,1,0,0,0,0,1,0,0,0,1,0,1,1,1,1,0,0
1890928814546358272,0,0,0,0,0,0,0,0,0,0,0,0,0,0,0,0,0,0,1,0
1890983955450503680,0,0,0,0,0,0,0,0,0,0,0,0,0,0,0,1,0,0,0,0
1891097148227265024,0,0,0,0,0,0,0,0,0,0,0,0,0,0,1,0,0,0,1,0
1891140483688050688,0,0,0,0,0,0,0,0,0,0,0,0,0,0,0,0,0,0,0,0
1891250327682269184,0,0,0,0,0,0,0,0,0,0,0,0,0,0,0,1,0,0,0,0
1891360995911643648,0,0,0,0,1,0,0,0,0,0,0,0,0,0,0,0,0,1,1,1
1891437012017660416,0,0,0,1,0,0,0,0,1,0,0,0,0,0,1,0,1,0,0,0
1891602002477449216,1,1,0,1,1,1,1,1,0,1,1,0,0,0,1,1,0,1,1,1
1891643545024344832,0,0,0,0,0,1,0,0,0,0,0,0,0,0,1,0,0,1,0,0
1891976981027201024,0,0,0,1,0,0,0,0,0,0,0,0,0,0,1,0,1,0,1,0
1892015183146503936,0,0,0,0,0,0,0,0,0,0,0,0,0,0,0,0,0,0,0,1
1892016184595448064,0,1,0,0,0,1,0,0,0,1,1,0,0,0,1,0,0,1,0,0
1892053363748917248,1,0,0,0,1,1,1,1,0,0,1,0,0,0,1,0,0,1,0,1
1892169400867860736,0,0,0,0,0,0,0,0,0,0,0,0,0,0,0,0,1,0,0,0
1892185380692082944,0,0,0,0,1,0,0,0,0,0,0,0,0,0,0,0,0,1,0,1
1892227495677534464,0,0,0,0,0,0,0,0,0,0,0,0,0,0,1,0,0,0,0,0
1892245524461310464,0,0,0,0,0,0,0,0,0,0,0,0,0,0,0,0,0,0,0,0
1892271717004742912,1,0,0,0,1,0,1,1,0,0,0,0,0,0,0,0,1,1,1,1
1892373809941913600,0,0,0,1,1,0,0,1,0,0,0,0,0,0,1,0,1,0,1,1
1892377042483548672,1,0,0,0,0,1,0,1,0,0,0,0,0,0,0,0,1,0,1,0
1892553107478884864,1,0,0,1,1,1,1,1,0,1,0,0,1,0,1,1,0,1,1,1
1892590104004148736,0,0,0,1,0,0,1,0,0,0,0,0,0,0,1,1,0,0,1,0
1892644718833549312,0,0,0,0,1,0,0,1,0,0,0,0,0,0,0,0,1,0,1,1
1892712957680734464,0,0,0,0,0,0,0,0,0,0,0,0,0,0,0,0,0,0,1,0
1892738998621131008,0,0,0,0,0,0,0,0,1,0,0,0,0,0,1,0,0,0,0,0
1892739880393859072,1,0,0,0,1,1,1,1,0,0,1,0,0,0,1,0,0,1,1,1
1892895644987040000,0,0,0,0,0,0,0,0,0,0,0,0,1,0,0,0,1,0,1,0
1892916297697988864,0,0,0,1,0,0,0,1,0,0,0,0,0,0,1,0,1,1,0,0
1893013029865807872,0,0,0,0,0,0,0,0,0,0,0,0,0,0,0,0,0,0,0,1
1893094433127539200,0,1,0,0,0,0,0,0,1,0,1,0,0,0,1,0,0,0,0,0
1893167680183472128,0,0,0,0,0,0,0,0,0,0,0,0,0,0,0,0,1,0,1,0
1893246073734299904,0,0,0,0,1,0,0,0,0,0,0,0,0,0,0,0,1,1,1,0
1893280391781392384,1,0,0,0,1,1,1,1,0,0,0,0,0,0,0,0,0,1,1,0
1893345809934012416,0,0,0,0,1,0,0,0,0,0,0,0,0,0,0,0,0,0,1,1
1893367125160423680,0,0,0,1,1,0,0,0,0,0,0,0,0,0,1,1,0,1,0,1
1893372481185972480,1,0,0,1,0,1,1,1,0,0,0,0,0,0,1,1,1,0,0,0
1893373766488518912,0,0,0,0,0,0,0,1,0,1,0,0,0,0,0,0,0,1,0,0
1893387324681064704,0,0,0,0,0,0,0,0,0,0,0,0,0,0,0,0,1,0,0,1
1893458536975204352,0,0,0,1,1,0,0,0,0,0,0,0,0,0,1,1,1,1,1,0
1893527688578469888,0,0,0,0,0,0,0,1,0,0,0,0,0,0,0,0,0,0,0,1
1893540863986274816,1,0,0,0,0,0,1,1,0,0,0,0,0,0,1,0,0,0,0,1
1893605651953147904,0,0,0,0,0,0,0,0,0,0,0,0,0,0,0,0,1,0,0,0
1893633487023825152,0,0,0,0,0,0,0,1,0,0,0,0,0,0,0,0,0,0,0,0
1893635196932833536,0,0,0,0,1,0,0,1,0,0,0,0,0,0,0,0,0,1,0,1
1893735515775508736,0,0,0,0,0,0,0,0,0,0,0,0,0,0,0,0,0,0,0,0
1893807917863780864,0,0,0,0,0,0,0,0,1,0,0,0,0,1,1,0,0,0,0,0
1893816418480640512,0,0,0,0,0,0,0,0,0,0,0,0,0,0,0,0,0,0,0,0
1893887787528524032,0,0,0,0,1,0,1,0,0,0,0,0,0,0,0,1,0,1,1,1
1893897988004577536,0,0,0,0,0,0,0,0,0,0,0,0,0,0,0,1,0,0,0,0
1893995923954348288,0,0,0,0,0,0,0,0,0,0,0,0,0,0,0,0,0,0,0,1
1894124073711484928,0,0,0,0,0,0,0,1,0,0,0,0,0,0,0,0,0,0,0,0
1894255932017627136,0,0,0,1,0,0,0,0,0,0,0,0,0,0,1,1,0,0,0,0
1894257185129156864,0,0,0,1,0,0,0,0,0,0,0,0,0,0,1,1,1,0,0,0
1894551580994650368,0,0,0,1,1,0,0,0,0,0,0,0,0,0,0,1,1,1,1,0
1894607995914653952,0,0,1,0,0,0,0,0,0,0,0,0,1,1,1,0,0,0,0,0
1894614170269618688,0,0,0,1,0,0,0,0,0,0,0,0,0,0,1,0,1,1,0,0
1894722718639010304,0,0,0,0,0,0,0,0,0,0,0,0,0,0,0,0,0,0,0,1
1894730273935282432,0,0,0,0,0,0,0,0,0,0,0,0,1,0,0,0,0,0,0,0
1894783480975810816,0,0,0,0,0,1,0,0,0,0,0,0,0,0,1,0,0,0,0,1
1894854693337403904,1,0,0,1,0,1,1,0,0,0,0,0,0,0,1,1,1,0,0,0
1894855374332928512,0,0,0,0,0,0,0,0,0,0,0,0,0,0,0,0,0,0,0,0
1894905595880248064,0,0,0,0,0,,,,,,,,,,,,,,,
1894919622992027904,0,1,0,1,1,0,1,0,1,1,1,0,0,0,1,0,1,1,1,0
1895116735818465536,0,0,0,0,0,0,1,0,0,0,0,0,0,0,0,0,0,0,1,0
1895186607956992512,0,0,0,0,1,0,0,0,0,0,0,1,0,0,0,0,0,1,0,1
1895262821384155648,0,0,0,0,0,0,0,0,0,0,0,0,0,0,0,0,0,0,0,0
1895265888917758464,0,1,0,1,0,0,0,0,1,0,1,0,0,0,0,1,1,1,0,0
1895276854053085184,0,0,0,0,0,0,0,0,0,0,0,0,0,0,1,0,0,0,0,0
1895350610851196928,0,0,0,0,1,0,0,0,0,0,0,0,0,0,1,0,0,0,1,1
1895432295764692992,0,0,0,0,0,0,0,0,0,0,0,1,0,0,1,0,0,0,1,0
1895451275443180032,0,0,0,0,0,0,0,0,0,0,0,0,0,0,0,0,0,0,0,0
1895499433497989632,0,0,0,0,1,0,0,0,0,0,0,0,0,0,0,0,0,1,0,1
1895509697689497600,0,0,0,0,0,0,0,0,0,0,0,0,0,0,0,1,0,0,0,0
1895522315947163904,0,0,0,1,1,0,0,0,1,0,0,0,0,0,1,0,1,0,1,1
1895534831477416448,0,0,0,0,0,0,0,0,0,0,0,0,0,0,0,0,0,0,0,0
1895542544383296000,0,0,0,1,0,0,0,0,0,1,0,0,1,0,0,1,1,0,0,0
1895545820281245696,0,0,0,0,0,0,0,0,0,0,0,0,0,0,0,0,0,0,1,0
1895634809340449280,0,0,0,0,0,0,0,0,0,0,0,0,0,0,0,0,1,0,1,0
1895704501199450112,1,0,0,0,1,1,1,1,0,0,0,0,0,0,1,0,0,1,1,1
1896067116304077056,0,0,0,0,0,0,0,0,0,0,0,1,0,0,0,0,0,0,0,0
1896166628489834752,0,0,0,1,1,0,0,0,0,0,0,0,0,0,1,0,1,1,1,1
1896172941169279488,0,0,0,0,0,0,0,1,0,0,0,0,0,0,0,0,0,0,0,1
1896173083184234752,0,0,0,1,0,0,0,1,0,0,0,0,0,0,1,0,1,0,0,0
1896174349704642816,0,0,0,0,1,0,0,0,0,0,1,0,0,0,0,1,0,1,0,1
1896232844525244928,0,0,0,1,1,0,1,0,0,0,0,0,0,0,1,1,1,1,1,0
1896331251914883584,0,0,0,0,0,0,0,0,0,0,0,0,0,0,0,0,0,0,0,0
1896360480459067904,0,0,0,0,0,0,0,0,0,0,0,0,0,0,0,0,0,0,0,0
1896436982081024512,1,0,0,0,1,1,0,1,0,0,0,0,0,0,0,0,1,1,1,0
1896531731806671104,0,0,0,0,0,0,0,0,0,0,0,0,0,0,0,0,0,0,0,0
1896563981579330048,0,0,0,0,0,0,0,0,0,0,0,0,0,0,1,0,0,0,0,0
1896602341224415488,0,0,0,0,0,0,0,0,0,0,1,0,0,0,1,0,0,0,0,0
1896634956551512832,0,0,0,0,0,0,0,0,0,0,0,0,0,0,0,0,0,1,0,0
1896717754679664896,0,0,0,0,0,0,0,0,0,0,0,0,0,0,0,0,0,0,0,0
1896802162640044032,0,0,0,0,0,0,0,1,0,0,0,0,0,0,1,0,0,1,0,0
1896901629968027904,0,0,0,1,0,0,0,1,0,0,0,0,0,0,1,1,1,0,0,1
1897075172399833088,0,0,0,0,0,0,0,0,0,0,0,0,0,0,0,0,0,0,0,1
1897079361339064832,0,0,0,0,0,0,0,0,0,0,0,0,0,0,0,0,0,0,0,1
1897149530161705216,0,0,0,0,0,0,0,0,0,0,0,0,0,0,0,0,0,0,0,1
1897481383850992128,0,0,0,0,0,0,0,1,0,0,0,0,0,0,0,0,1,0,0,0
1897506908996600320,0,0,0,0,1,0,1,0,0,0,0,0,0,1,0,1,0,1,1,0
1897573794916471552,0,0,0,0,0,0,0,0,0,0,0,0,0,0,0,0,0,1,0,0
1897678246642118912,0,1,0,0,0,1,0,0,1,0,1,0,0,0,1,0,0,0,0,0
1897762575602831872,0,0,0,0,0,0,0,0,0,0,0,0,0,0,0,0,0,0,0,0
1897812073159295232,0,0,0,0,0,0,0,0,0,0,0,0,0,0,0,0,0,1,0,0
1897871490126647552,0,0,0,0,1,0,0,0,0,0,0,0,0,0,0,0,0,0,1,1
1897990864615399680,0,0,0,0,1,0,0,0,0,0,0,0,0,0,0,1,0,1,1,0
1898362511444881664,0,0,1,1,0,0,0,0,0,1,0,1,0,1,1,1,0,0,0,0
1898418363245658368,0,0,0,0,0,0,0,0,0,0,0,0,0,0,0,0,1,0,0,0
1898436294608392448,0,0,0,0,0,0,0,0,0,0,0,0,0,0,0,0,0,0,0,0
1898438170653479168,0,0,0,1,0,0,0,0,0,0,0,0,0,0,1,1,1,0,1,0
1898525879736918528,0,0,0,0,0,0,0,0,0,0,0,0,0,0,0,0,0,0,0,0
1898612487815081984,0,0,0,1,1,0,0,0,0,0,0,0,0,0,1,1,1,1,1,0
1898715356950040832,1,0,0,0,0,1,1,0,0,0,0,0,0,0,0,0,0,0,1,0
1898759227927412992,0,0,0,0,0,0,0,0,0,0,0,0,0,0,0,0,0,0,0,1
1898793295750320384,0,0,0,0,1,0,0,0,0,0,0,0,0,0,1,0,0,0,1,1
1898824995612033280,0,0,0,0,0,0,0,1,0,0,0,0,0,0,0,0,1,0,0,0
1898901211731902464,0,0,0,0,0,0,0,1,0,0,0,0,0,1,0,1,0,0,0,0
1898968211972128768,1,0,0,0,1,1,1,1,0,0,0,0,0,0,0,0,0,1,0,1
1898968633222516992,0,0,0,0,0,0,0,0,0,0,0,0,0,0,0,0,0,0,0,0
1899080324832755968,0,0,0,0,0,0,0,0,0,0,0,0,0,0,0,0,0,0,0,0
1899196144229470464,0,0,0,0,0,0,0,0,0,0,0,0,0,0,0,0,0,0,0,0
1899293465936347648,0,0,0,0,0,0,0,0,0,0,0,0,0,0,0,0,0,0,0,1
1899330697304896000,0,0,0,1,1,0,1,0,0,0,0,0,0,1,1,1,0,1,1,0
1899332631013330944,0,0,0,0,0,0,0,0,0,0,0,0,0,0,0,0,0,0,0,0
1899335575926080000,1,0,0,1,0,0,1,1,0,0,0,0,0,0,0,1,1,0,0,1
1899389042938016000,0,0,0,0,0,0,0,0,0,0,0,0,0,0,0,0,1,0,0,0
1899444051826683904,0,0,0,0,0,1,0,0,0,0,0,0,0,0,1,0,0,0,0,0
1899515347646218496,0,0,0,0,1,0,0,0,0,0,0,0,0,0,0,0,0,0,1,1
1899535079841669120,0,0,0,0,0,0,0,0,0,0,0,0,0,0,0,0,0,0,0,0
1899535987912454912,0,0,0,0,0,0,0,1,0,0,0,0,0,0,0,0,0,0,0,1
1899548646234050816,1,0,0,0,0,1,0,1,0,0,0,0,0,0,0,0,1,1,0,0
1899626273808211968,1,0,0,1,1,1,1,1,0,0,0,0,0,0,1,0,1,1,1,0
1899986505117901056,0,0,0,0,0,0,0,0,0,0,0,0,0,0,0,0,0,0,1,0
1900483927246086912,0,0,0,0,0,0,0,0,0,0,0,0,0,0,1,0,0,0,0,0
1900514134334079232,0,0,0,0,0,0,0,0,0,0,0,0,0,0,0,0,0,0,0,0
1900518666430501120,0,0,0,0,0,0,0,0,0,0,0,0,0,0,0,0,0,0,0,1
1900531846028440064,0,0,0,0,0,0,0,0,0,0,0,0,0,0,0,0,0,0,1,0
1901246619393093888,0,0,0,0,1,0,1,0,0,1,0,0,1,0,0,1,0,1,1,1
1901443270338572288,0,0,0,0,0,0,0,0,0,0,0,0,0,0,0,0,1,0,0,1
1901588604436336896,1,0,0,0,1,0,1,1,0,1,0,0,0,0,1,0,0,1,1,0
1901958973655253248,0,0,0,0,0,0,1,0,0,0,0,0,0,0,0,0,1,0,0,0
1901960314792390912,0,0,0,0,0,0,0,0,0,0,0,0,0,0,0,0,1,0,0,0
1902337325889179904,0,0,0,0,0,0,0,0,0,0,0,0,0,0,0,1,0,1,0,0
1902696320336371968,0,1,0,1,0,0,0,0,1,0,1,0,0,0,1,1,0,0,1,0
1903425289155121152,0,0,0,1,0,0,0,0,0,0,0,1,0,0,0,1,1,0,0,0
1903425338337538304,0,0,0,0,0,0,0,0,0,0,0,1,0,0,0,0,0,0,0,0
1903776590326067712,0,1,0,1,1,0,0,0,0,1,1,0,0,0,0,1,1,1,1,0
1903779967948718336,1,0,0,1,0,0,1,1,0,0,0,0,0,0,1,1,0,0,0,1
1904015582326099968,0,0,0,0,0,0,0,0,0,0,0,0,0,0,0,1,0,0,0,0
1904145348962172928,0,0,0,0,1,0,0,0,0,0,0,0,0,0,0,0,0,1,0,1
1904152717481668864,0,0,0,1,0,0,0,0,0,0,0,0,0,0,1,1,1,0,1,0
1904155618476269568,0,0,0,0,0,0,0,0,0,0,0,0,0,0,0,0,0,0,0,0
1904504361335788032,0,0,0,0,0,0,0,0,0,0,0,0,0,0,0,0,0,0,0,0
1904700485283590400,0,0,0,0,0,0,0,0,0,0,0,0,0,0,0,0,0,0,0,0
1904703746463977472,0,0,0,0,0,0,0,0,0,0,0,0,0,0,1,0,0,1,0,0
1904861922526147072,0,0,0,1,0,0,0,0,0,0,0,0,1,0,1,0,1,0,0,1
1904867785890566400,0,0,0,0,1,0,0,0,0,0,0,0,0,0,0,0,0,1,1,0
1905235925254471936,1,0,0,0,0,0,1,1,0,0,1,0,0,0,1,0,0,0,1,0
1905238018006688000,1,0,0,1,1,1,0,1,0,0,1,0,0,0,1,1,1,1,1,0
1905596241955745536,1,0,0,1,0,0,1,1,0,0,1,0,0,0,1,1,1,0,1,0
1906206914486075904,0,0,0,0,0,0,0,0,0,0,0,0,0,0,0,0,0,0,0,0
1906302970624397568,0,0,0,0,1,0,0,1,0,0,0,0,0,0,0,0,0,1,0,1
1906307242506199552,0,0,0,0,0,0,0,0,0,0,0,0,0,1,0,0,0,0,0,0
1906324271858635008,0,0,0,1,1,0,0,0,0,0,0,0,0,0,1,0,1,1,1,0
1906587726343708672,0,0,0,1,0,1,0,0,0,0,0,0,0,0,1,1,0,1,0,0
1907005538325377280,0,0,0,1,0,0,0,1,0,0,1,0,0,0,1,1,0,0,0,0
1907035400528436736,1,0,0,1,0,0,1,1,0,0,0,0,0,0,1,0,1,0,1,0
1907388080560222720,0,0,0,0,0,0,0,0,0,0,0,0,0,0,0,0,0,0,0,0
1907407842652405504,1,0,0,1,1,1,0,1,0,0,0,0,0,0,1,0,1,1,1,1
1907706045306220288,1,0,0,0,0,1,1,1,1,0,0,0,0,0,0,1,0,0,0,0
1907773213775638784,0,0,0,0,0,0,0,0,0,0,0,0,0,0,0,0,1,0,0,0
1908313562386460672,0,0,0,0,0,0,1,0,0,0,0,0,0,0,0,0,0,0,0,1
1908371869226434816,0,0,0,0,0,0,0,0,0,0,0,0,0,0,0,0,0,0,0,0
1908396254310126080,0,0,0,0,0,0,0,0,0,0,0,0,0,0,0,0,1,0,0,0
1908433235991813888,0,0,0,0,0,0,0,0,0,0,0,0,0,0,0,0,0,0,0,0
1908728539492331520,1,0,0,1,1,1,1,1,0,0,0,0,0,0,1,1,0,1,1,1
1908857068322480896,0,0,0,0,1,0,0,0,0,0,0,0,0,0,1,0,0,1,1,1
1909104024026067712,0,0,0,0,1,0,0,0,0,0,0,0,0,0,0,0,1,1,0,1
1909218751083401216,0,0,0,1,0,0,1,0,0,0,0,0,0,0,0,1,1,1,0,0
1909218849813319936,0,0,0,0,0,0,0,0,0,0,0,0,0,0,0,0,0,1,0,0
1909815312545095936,0,0,0,0,1,0,0,0,0,0,0,0,0,0,0,0,1,1,1,0
1909865756818285056,0,0,0,0,0,0,0,0,0,0,0,0,0,0,0,0,0,0,0,0
1910301600159059968,0,0,0,1,0,1,0,0,1,0,0,0,0,0,1,1,1,1,0,0
1910824600201477888,1,0,0,1,1,1,0,1,0,0,0,0,0,0,1,0,1,1,1,1
1911034675105038336,0,0,0,0,0,0,0,0,0,0,0,1,0,0,0,0,0,0,0,0
1911034747087618304,0,0,0,0,1,0,0,1,0,0,0,0,0,0,0,0,0,0,1,1
1911365097861063168,1,0,0,0,1,1,1,1,0,0,0,0,0,0,0,1,0,1,0,1
1911752599918752000,0,0,0,0,0,0,0,0,0,0,0,0,0,0,0,0,0,0,0,0
1911943157291560704,0,0,0,0,0,0,0,0,0,0,0,0,0,0,0,0,0,0,0,1
1912085520110501888,0,0,0,1,0,0,0,0,0,0,0,0,0,0,0,1,1,0,0,0
1912238619269472512,1,0,0,1,1,1,0,1,0,0,0,0,0,0,1,0,1,1,1,1
1912488260254797568,0,0,0,0,0,0,0,0,0,0,0,0,0,0,0,0,0,0,0,0
1912768484829954304,0,0,0,0,0,0,0,0,0,0,0,0,0,0,0,0,0,0,0,1
1912987546889654272,0,0,0,1,0,0,0,0,0,0,0,0,0,0,1,1,1,0,0,0
1913190754819751936,0,0,0,0,0,0,0,0,0,0,0,0,0,0,0,0,0,0,0,1
1913408553471115520,0,0,0,0,0,0,0,0,0,0,0,0,0,0,0,0,0,0,0,0
1913480469431324672,0,0,0,0,0,0,0,0,0,0,0,0,0,0,0,0,1,0,0,1
1913553719679205632,0,0,0,1,0,1,0,0,0,0,0,0,0,0,1,0,1,0,0,0
1914217203760587008,0,0,0,0,1,0,1,0,0,0,0,0,0,0,0,0,0,0,1,1
1914282389150507520,1,0,0,1,0,1,0,1,1,0,0,0,0,0,1,0,1,0,0,1
1914301409522036736,0,0,0,0,0,0,0,0,0,0,0,0,0,0,0,0,0,0,0,0
1914301583765934336,0,1,0,1,1,0,0,1,0,1,1,0,0,0,1,0,1,1,0,1
1914640308647735552,1,0,0,1,1,1,0,1,0,0,0,0,0,0,1,1,1,1,0,1
1915353314755043584,0,0,0,0,0,0,0,0,0,0,0,0,0,0,0,0,0,0,0,0
1915360262376345600,0,0,0,0,0,0,0,0,0,0,0,0,0,0,0,0,0,0,0,0
1915374857644130304,0,0,0,0,1,0,0,1,0,0,0,0,1,0,0,0,1,0,1,1
1915554132917719040,0,0,0,0,1,0,0,0,0,0,0,0,0,0,0,0,1,0,1,1
1915993386839904512,0,0,0,0,0,0,0,0,0,0,0,0,0,0,0,0,0,0,0,0
1916202189703593984,0,0,0,0,0,0,0,0,0,0,0,0,0,0,0,0,0,0,0,0
1916753302210945280,0,0,0,0,0,0,0,1,0,0,0,0,0,1,0,0,0,0,0,0
1917192663431815168,1,0,0,0,1,1,1,0,0,1,0,0,0,1,0,0,0,1,1,0
1917451274833793280,0,0,0,1,0,0,0,0,0,0,0,0,0,0,1,1,1,0,0,0
1917559888055788032,1,1,0,1,0,1,0,1,1,1,0,0,0,0,1,1,1,0,0,0
1917904652496191488,0,0,0,0,0,1,0,0,0,0,0,0,0,0,0,0,0,1,0,0
1917917255230537984,0,0,0,0,0,0,0,0,0,0,0,0,0,0,0,0,0,0,0,0
1918127543737110784,1,0,0,1,1,1,1,1,0,0,0,0,0,0,1,1,0,0,1,1
1918651371215086080,0,0,0,0,0,0,0,0,0,0,0,0,0,0,0,0,0,0,0,1
1918968769524678912,0,0,0,0,0,0,0,0,1,0,0,1,0,0,1,0,0,0,0,0
1919013540330955520,1,0,0,1,0,1,0,1,0,1,0,0,0,0,0,1,1,1,0,0
1919650966342676736,1,0,0,0,1,0,1,1,0,0,0,0,0,0,0,1,0,1,1,1
1919860633115279872,0,0,0,0,0,0,0,0,0,0,0,0,0,0,0,0,0,0,0,0
1919987733813989632,1,0,0,1,1,1,0,1,0,0,0,0,0,0,1,0,1,0,1,1
1920097913692102912,0,1,0,1,0,0,0,0,0,1,1,0,0,0,1,1,0,0,0,0
1920099799023419904,0,0,0,0,0,0,0,0,0,0,0,0,0,0,0,0,0,0,1,0
1920451827411128832,0,0,0,0,0,0,0,0,0,0,0,0,0,0,0,0,0,0,0,0
1920802420814221568,1,0,0,1,1,0,1,1,1,0,0,0,0,0,0,1,1,1,1,1
1921039104369729280,1,1,0,1,0,1,1,0,0,1,1,0,0,0,1,1,0,1,0,0
1921295382354501888,1,0,0,0,1,1,1,0,0,0,0,0,0,0,0,0,0,1,1,0
1921399977504305152,0,0,0,1,1,0,0,0,0,0,0,0,1,0,1,0,1,0,1,1
1921511336267145216,1,0,0,0,1,1,1,1,0,0,1,0,0,0,1,0,0,1,1,1
1921530116427137024,0,0,0,0,0,0,0,1,0,0,0,0,0,0,0,0,0,0,0,0
1921546331350311168,0,0,0,0,0,0,0,0,0,0,0,0,0,1,0,0,0,0,0,0
1921885540636413952,0,0,0,0,0,0,0,1,0,0,0,0,0,0,1,0,0,0,0,1
1921905810822640128,0,0,0,0,0,0,0,0,0,0,0,0,0,0,0,1,0,0,0,0
1921994817023655936,0,0,0,0,0,0,0,0,0,0,0,0,0,0,0,0,0,0,0,0
1922250453837856768,0,0,0,0,0,,,,,,,,,,,,,,,
1922626944576696832,0,0,0,1,0,0,0,1,0,0,0,0,0,0,1,1,1,0,0,1
1922869192056807936,0,0,0,0,0,0,0,0,0,0,0,0,0,0,0,0,0,1,0,0
1922994759468994304,0,0,0,1,0,0,0,0,0,0,0,0,0,0,0,1,1,0,1,0
1923150184055288064,0,0,0,0,1,1,0,0,0,0,0,0,0,0,0,0,1,1,0,1
1923331532317413120,0,0,0,0,1,0,0,1,0,0,0,0,0,0,1,0,0,0,1,1
1923347944763535616,0,0,0,0,0,0,0,0,0,0,0,0,0,0,0,0,0,0,1,0
1923358747268612096,0,0,0,1,0,0,1,0,0,0,0,0,0,0,1,1,1,0,0,0
1923532118484750336,0,0,0,0,1,0,0,1,0,0,1,1,0,0,0,0,1,0,1,1
1923691270267908864,0,1,0,1,1,0,0,1,0,1,1,0,0,0,0,1,1,1,0,1
1923693353280958720,0,0,0,0,0,0,0,0,0,0,0,0,0,0,0,0,0,0,0,0
1924209591384166912,1,0,0,0,1,1,1,0,0,0,0,0,0,0,1,0,0,0,1,1
1924292001337360384,0,0,0,0,0,0,0,0,0,0,0,0,0,0,0,0,1,0,0,0
1924433815398965248,1,0,0,1,0,1,1,1,1,0,0,0,0,0,1,1,0,0,0,0
1924439748216590848,0,0,0,1,1,0,0,0,0,0,0,0,0,0,0,1,1,1,0,1
1924772079318315520,0,0,0,0,1,0,0,0,0,0,0,0,0,0,0,0,0,1,1,0
1925127679898173184,0,0,0,0,0,0,0,0,0,0,0,0,0,0,0,0,1,0,0,1
1925153915504382464,0,0,0,0,0,0,0,0,0,0,0,0,0,0,0,0,0,0,0,0
1925156886736708096,0,0,0,0,1,0,0,0,0,0,0,0,0,0,0,0,0,1,1,0
1925164742684872704,0,0,0,0,0,0,0,0,1,0,0,0,0,0,1,0,0,0,0,0
1925168540383949056,0,0,0,1,0,0,0,0,0,0,0,0,0,0,1,0,1,0,1,0
1925174522254127104,0,0,0,0,0,0,0,0,0,0,0,0,0,0,0,0,0,0,0,0
1925288763783004416,0,0,0,0,0,0,0,0,0,0,0,0,0,0,0,0,0,0,0,0
1925954558582194432,0,0,0,0,0,0,0,0,0,0,0,0,0,0,0,0,0,1,0,0
1926129960059539712,1,0,0,1,1,1,1,0,0,0,0,0,0,0,1,1,0,1,1,1
1926228221780972032,1,0,0,1,0,1,0,1,1,0,0,0,0,1,1,1,0,0,0,0
1926237384061911552,0,0,0,1,1,0,0,1,0,0,0,0,0,0,1,0,1,1,0,1
1926251954134532352,0,0,0,1,0,0,0,0,0,0,0,0,1,0,0,1,1,0,1,0
1926896173597483008,0,0,0,0,0,0,0,0,0,0,0,0,0,0,0,0,0,0,0,0
1926966195283955968,0,0,0,0,0,0,0,0,0,0,0,0,0,0,0,0,0,0,0,0
1927161117702238464,0,0,0,0,1,0,0,0,0,0,0,0,0,0,1,0,0,0,1,1
1927292893019922688,0,0,0,0,0,0,0,0,0,0,0,0,0,0,1,0,0,0,0,0
1927312438023574016,0,0,0,0,0,0,0,1,0,0,0,0,0,0,0,0,1,0,0,1
1927323303170978048,0,0,0,0,0,0,0,0,0,0,0,0,0,0,0,0,0,0,0,0
1927327660406936064,0,0,0,0,0,0,0,0,0,0,0,0,0,0,0,0,0,1,0,0
1927455383209034496,0,0,0,0,0,0,0,0,0,0,0,0,0,0,0,0,0,0,0,0
1927687280699040512,0,0,0,0,0,0,0,1,0,0,0,0,0,0,0,0,0,0,1,0
1927696589906120704,0,0,0,0,0,0,0,0,0,0,0,0,0,0,0,0,1,0,0,0
1927702793437011968,0,0,0,0,0,0,0,0,0,0,0,0,0,0,0,0,0,0,0,0
1927707035275239936,0,0,0,0,0,0,0,0,0,0,0,0,0,0,0,0,0,0,0,1
1928059576689061888,0,0,0,0,0,0,0,0,0,0,0,0,0,0,0,0,0,0,0,0
1928069087613140992,0,0,0,0,0,0,0,0,0,0,0,0,0,0,1,0,0,1,0,0
1928147033317064960,0,0,0,1,0,1,0,0,0,0,1,0,0,0,1,1,1,0,1,0
1928399655269982464,0,0,0,0,0,0,0,0,0,0,0,0,0,0,0,0,0,0,0,0
1928429001254543872,0,0,0,0,0,0,0,0,0,0,0,0,0,0,0,0,0,0,0,1
1928786539456377088,1,0,0,0,1,1,1,1,0,0,0,0,0,0,0,0,0,0,1,1
1928847987767152896,1,0,0,1,0,1,1,1,1,0,0,0,0,0,1,1,1,0,0,1
1928922875769012480,0,0,0,0,0,0,0,1,0,0,0,0,0,0,0,0,0,0,0,1
1928941159696548096,0,0,0,0,0,0,0,0,0,0,0,0,0,0,0,0,0,0,0,0
1929131830206185472,0,0,0,0,0,0,0,0,0,0,0,0,0,0,0,1,0,0,1,0
1929374492591301120,0,0,0,0,0,0,0,1,0,0,0,0,0,0,0,0,0,0,0,1
1929495976881852928,0,0,0,0,0,0,0,0,0,0,0,0,0,0,0,0,0,0,0,0
1929572899452530944,0,0,0,0,1,0,0,0,0,0,0,0,0,0,0,1,0,0,1,1
1929622733018566912,0,0,0,0,0,1,0,0,0,0,0,0,0,0,0,0,0,0,0,0
1930812739968012288,0,0,1,1,0,0,0,1,0,0,0,1,1,0,1,0,1,0,0,1
1930970576832897280,0,0,0,0,0,0,0,0,0,1,0,0,0,1,1,0,0,0,0,0
1931326398737608704,0,0,0,0,0,0,0,0,0,0,0,0,0,0,0,0,0,0,1,0
1931603639430447616,0,0,0,0,0,0,0,0,0,0,0,0,0,0,0,0,0,0,0,0
1932299310592413696,0,0,0,0,0,0,0,0,0,0,0,0,1,0,0,0,0,0,0,0
1932416899960258304,1,0,0,0,0,1,1,1,0,0,0,0,0,0,1,0,0,0,0,0
1932423034071367936,0,0,0,0,1,0,0,1,0,0,0,0,0,0,0,0,0,0,1,1
1932771677085061632,0,0,0,1,0,0,0,0,0,0,1,0,0,0,1,0,1,0,1,0
1933269357112799488,1,0,0,0,1,1,0,1,0,0,0,0,0,0,1,0,0,1,1,0
1933286189286511104,1,0,0,1,1,1,1,1,0,0,0,0,0,0,1,1,1,1,1,1
1933495289190756864,0,0,0,0,0,0,0,0,0,0,0,0,0,0,0,0,0,0,0,1
1933495757073494528,1,0,0,0,1,0,1,1,0,0,0,0,0,0,0,0,0,0,1,1
1933868199616880896,0,0,0,0,1,0,1,0,0,0,0,0,0,0,0,0,0,0,1,1
1934110766829109504,1,0,0,0,1,1,1,1,0,0,0,0,0,0,1,0,0,0,1,1
1934141664953836032,1,0,0,1,1,0,1,1,1,0,0,0,0,0,1,1,1,0,1,1
1934208119925608448,0,0,0,0,0,0,0,0,0,0,0,0,0,0,0,0,0,0,1,0
1934230498165092864,0,0,0,0,0,0,0,0,0,0,0,0,1,0,1,0,0,0,0,0
1934348103399710976,1,0,0,1,1,1,1,1,0,0,0,0,0,0,1,0,1,1,1,1
1934568898227020032,0,0,0,0,0,0,1,0,0,0,0,0,0,0,0,0,0,0,0,1
1934578443515289600,0,0,0,1,0,0,0,0,1,0,0,0,0,0,1,1,1,0,0,0
1934587636355940864,0,0,0,0,0,0,0,0,0,0,0,0,0,0,0,0,0,0,0,0
1934593265463869696,0,0,0,0,0,0,0,0,0,0,0,0,0,0,0,0,1,0,0,0
1934947439175459072,1,0,0,0,1,1,0,1,0,0,0,0,0,0,1,0,0,1,1,0
1935237120647660032,0,0,0,0,0,0,0,1,0,0,0,0,0,0,0,1,0,0,0,1
1935480450677620992,0,0,0,0,0,0,0,0,0,0,0,0,0,0,1,0,0,0,1,0
1935622148825174016,1,0,0,0,0,0,1,1,0,0,0,0,0,0,0,1,0,0,0,1
1935869730021142528,0,0,0,1,1,0,0,1,0,0,0,0,0,0,1,0,1,1,1,1
1936033425749950720,0,0,0,0,0,0,0,0,0,0,0,0,0,0,0,0,0,0,0,0
1936147329268015616,0,0,0,0,0,0,0,0,0,0,0,0,0,0,0,0,0,0,0,0
1936148550611587584,1,0,0,0,1,1,0,1,0,1,0,0,1,0,1,0,0,1,1,0
1936297977389392384,0,0,0,0,0,0,0,1,0,0,0,0,0,0,0,0,0,0,0,0
1936321272683561216,1,0,0,0,1,1,1,1,0,0,0,0,0,0,1,0,0,1,1,1
1936396812342161664,0,0,0,1,0,0,0,0,0,0,0,0,0,0,1,1,1,0,1,0
1936402585520615936,1,0,0,1,1,1,1,1,0,0,0,0,0,0,1,1,0,1,1,1
1936408105245421568,0,0,0,0,1,1,0,0,0,0,0,0,0,0,0,0,1,1,1,1
1936580073374588928,1,0,0,1,0,1,1,1,0,0,0,0,0,0,1,1,0,0,0,1
1936677911362257152,1,0,0,1,0,1,1,0,0,0,0,0,0,0,0,1,1,0,0,1
1936766441308537088,1,1,0,1,1,1,1,1,0,1,1,0,0,0,1,1,1,1,1,1
1936883636399230976,0,0,0,0,0,0,0,0,0,0,0,0,0,0,0,0,0,0,0,1
1937463249831887104,0,0,0,0,0,0,1,0,0,0,0,0,0,0,0,0,1,0,1,0
1937491754602635520,0,0,0,0,0,0,0,0,0,0,0,0,0,0,0,0,0,0,1,0
1937717793232704000,0,0,0,0,1,0,0,0,1,0,0,0,0,0,0,0,0,1,0,1
1937854253160071168,0,0,0,0,0,0,0,0,0,0,0,0,0,0,0,1,0,0,1,0
1937854667435720960,0,1,0,0,0,0,0,0,1,1,1,0,0,0,0,0,0,0,0,1
1937983473668788736,1,0,0,0,1,1,1,0,0,0,0,0,0,0,1,0,0,1,1,1
1938203145525436928,0,0,0,0,1,0,0,0,0,0,0,0,0,0,0,0,1,1,1,1
1938355506193596928,1,0,0,1,0,0,1,1,0,0,0,1,0,0,0,1,1,0,0,0
1938569847622766848,0,0,0,0,0,0,0,0,0,0,0,0,0,0,0,1,0,0,0,0
1938570082952843520,0,0,0,0,0,0,0,0,0,0,0,0,0,0,0,0,1,0,0,0
1938925073165066496,0,0,0,0,0,0,0,0,0,0,0,0,0,0,0,0,0,0,0,0
1938929406132556032,1,1,0,1,1,1,1,1,1,1,0,0,0,0,1,1,1,1,1,1
1938930817780101120,0,0,0,1,1,0,1,0,0,0,0,0,0,0,1,1,0,0,1,1
1939056014071832832,1,0,0,1,1,1,1,1,0,0,0,0,0,0,1,0,1,1,1,1
1939289039993024768,0,0,0,0,0,0,0,0,0,0,0,0,0,0,0,0,0,0,0,0
1939304815344996864,0,0,0,1,0,0,1,0,0,0,0,0,0,0,1,0,1,0,0,0
1939460037795336448,0,0,0,0,0,0,1,0,0,0,0,0,0,0,0,0,1,0,0,1
1939648156733420032,0,0,0,0,0,0,0,0,0,0,0,0,0,0,0,0,0,0,0,0
1939658049226215680,0,0,0,0,1,0,0,0,0,0,0,0,0,0,0,0,0,1,1,1
1939659149102444800,1,0,0,1,0,1,1,1,0,0,0,0,0,0,1,1,1,0,1,0
1939859378263531520,0,0,0,0,0,0,0,0,0,0,0,0,0,0,0,0,1,0,0,0
1940015428350132736,0,0,0,0,1,0,0,0,0,0,0,0,0,0,1,0,0,0,1,1
1940032235047899136,1,0,0,0,1,1,1,0,0,0,0,0,0,0,1,0,0,1,1,1
1940616933365501952,0,0,0,0,0,0,0,0,0,0,0,0,0,0,0,0,0,0,0,0
1940735751475622400,0,0,0,1,0,0,0,0,0,0,0,0,0,0,1,1,0,0,0,1
1940746262267285504,0,0,0,0,0,0,0,0,0,0,0,0,0,1,0,0,0,1,0,0
1940754699747315968,0,0,0,0,0,0,0,0,0,0,0,0,0,0,1,0,0,0,0,0
1940877345625354752,0,0,0,0,0,0,0,0,0,0,0,0,0,0,0,0,0,0,0,0
1940926602239791616,0,0,0,1,0,0,0,0,0,0,1,0,0,0,1,1,0,0,0,1
1940983996428468736,0,0,0,1,0,0,0,0,0,0,0,0,0,0,0,1,1,0,0,0
1941102981199655168,1,1,0,1,1,1,1,1,1,1,0,0,0,0,1,1,1,1,1,1
1941113151803842304,0,0,0,0,0,0,0,1,0,0,0,0,0,0,0,0,0,0,0,0
1941358924038537728,1,0,0,0,1,1,1,1,0,0,0,0,0,0,0,0,0,1,1,0
1941482205429235968,0,0,0,0,0,0,0,0,0,0,0,0,0,0,0,0,0,0,0,1
1941588400689000704,1,0,0,1,0,1,1,1,0,0,0,0,0,0,1,1,0,0,0,0
1941831997195784448,0,0,0,1,1,0,0,0,1,0,0,0,0,0,1,0,1,0,1,1
1942138536783692032,0,0,0,0,0,0,0,0,0,0,0,0,0,0,1,0,0,0,1,0
1942142853305549312,0,0,0,1,0,0,0,0,0,0,1,0,0,0,0,1,1,0,1,0
1942198834580394496,0,0,0,0,1,0,0,0,1,0,0,0,0,0,0,0,0,1,1,1
1942199452556738816,0,0,0,0,0,0,0,0,0,0,0,0,0,0,0,0,0,0,0,0
1942569945629380864,0,0,0,0,0,0,0,0,0,0,0,0,0,0,0,0,0,0,1,0
1942909771046130432,0,1,0,0,0,0,0,0,1,1,1,0,0,1,0,0,0,0,0,0
1942912684892233728,0,0,0,0,0,0,0,0,0,0,0,0,0,0,0,0,0,0,0,0
1942930120919961600,0,0,0,0,0,0,0,0,0,0,0,0,0,0,0,0,0,0,0,0
1943258898682487040,0,0,0,0,0,0,0,0,0,0,0,0,0,0,0,0,0,0,1,0
1943278532580294912,1,0,0,0,1,1,1,0,0,0,0,0,0,0,1,0,0,1,1,0
1943422362478936320,0,0,0,0,0,0,0,0,0,0,0,0,0,0,0,0,1,0,0,0
1943627794010832896,0,0,0,0,1,0,0,0,0,0,0,0,0,0,0,1,0,0,1,1
1943635186714919168,0,0,0,0,1,0,1,0,0,0,0,0,0,0,0,0,1,1,1,1
1943815387734298880,1,0,0,1,1,0,1,1,0,1,0,0,0,0,1,0,1,1,1,0
1943994742607355904,0,0,0,0,0,0,0,0,0,0,0,0,0,0,0,0,0,0,0,0
1943999006083780864,0,1,0,1,0,0,0,0,0,1,1,0,0,0,1,1,1,0,0,0
1943999529272910080,0,0,0,0,0,0,0,0,0,0,0,0,0,0,0,0,0,0,0,0
1944370178189352704,0,0,0,1,1,0,0,1,0,0,0,0,0,0,1,1,1,1,1,1
1944375567127658752,1,0,0,0,0,1,1,1,0,0,0,0,0,0,0,0,0,1,0,0
1944379733028012288,0,0,0,0,0,0,1,0,0,0,0,0,0,0,0,0,0,0,1,0
1944698245374194432,0,0,0,0,0,0,0,0,0,0,0,0,0,1,0,0,1,0,0,0
1945453614597570304,1,0,0,0,1,0,1,1,0,0,0,0,0,1,0,0,1,1,0,1
1945453644859719936,0,0,0,0,0,0,0,0,0,0,0,0,0,0,0,0,0,0,1,0
1945453753231908864,0,0,0,0,0,1,0,0,0,0,0,0,0,0,1,0,0,0,0,0
