id,Conspiracy_gpt4o_mini,Sensationalism_gpt4o_mini,Hate_Speech_gpt4o_mini,Speculation_gpt4o_mini,Satire_gpt4o_mini,Conspiracy_gpt4o,Sensationalism_gpt4o,Hate_Speech_gpt4o,Speculation_gpt4o,Satire_gpt4o,Conspiracy_gemini_2.0_flash,Sensationalism_gemini_2.0_flash,Hate_Speech_gemini_2.0_flash,Speculation_gemini_2.0_flash,Satire_gemini_2.0_flash,Conspiracy_gemini_2.5_pro,Sensationalism_gemini_2.5_pro,Hate_Speech_gemini_2.5_pro,Speculation_gemini_2.5_pro,Satire_gemini_2.5_pro,Conspiracy_llama3.1_8B,Sensationalism_llama3.1_8B,Hate_Speech_llama3.1_8B,Speculation_llama3.1_8B,Satire_llama3.1_8B,Conspiracy_llama3.3,Sensationalism_llama3.3,Hate_Speech_llama3.3,Speculation_llama3.3,Satire_llama3.3
1886847828141465755,0,0,0,0,0,0,0,0,0,0,0.0,0.0,0.0,0.0,0.0,0,0,0,0,0,0.0,0.0,0.0,0.0,0.0,0.0,0.0,0.0,0.0,0.0
1853814781490196518,0,0,0,0,0,0,0,0,0,0,0.0,0.0,0.0,0.0,0.0,0,0,0,0,0,0.0,0.0,0.0,0.0,0.0,0.0,0.0,0.0,0.0,0.0
1880300126213927303,0,0,0,0,0,0,0,0,0,0,0.0,0.0,0.0,1.0,0.0,0,0,0,0,0,0.0,0.0,0.0,0.0,0.0,0.0,0.0,0.0,0.0,0.0
1863205843933564992,0,0,0,0,0,0,0,0,0,0,0.0,0.0,0.0,0.0,0.0,0,0,0,0,0,0.0,0.0,0.0,0.0,0.0,0.0,0.0,0.0,0.0,0.0
1926236671294484586,1,0,0,1,0,1,1,0,0,0,1.0,0.0,0.0,0.0,0.0,1,1,0,1,0,0.0,0.0,0.0,0.0,0.0,1.0,1.0,0.0,1.0,0.0
1899630802398531661,0,0,0,1,0,0,0,0,0,0,0.0,0.0,0.0,1.0,0.0,0,0,0,1,0,0.0,0.0,0.0,1.0,0.0,0.0,0.0,0.0,1.0,0.0
1893373052333019358,0,1,0,1,0,0,1,0,1,0,0.0,1.0,0.0,1.0,0.0,0,1,0,1,0,0.0,1.0,0.0,1.0,0.0,0.0,1.0,0.0,1.0,0.0
1892442492559380726,1,0,0,1,0,1,0,0,1,0,1.0,0.0,0.0,1.0,0.0,1,0,0,1,0,1.0,0.0,0.0,1.0,0.0,1.0,0.0,0.0,1.0,0.0
1932059828811350235,0,0,0,0,0,1,0,0,1,0,0.0,0.0,,0.0,,0,0,0,0,0,0.0,0.0,0.0,0.0,0.0,0.0,0.0,0.0,0.0,0.0
1857859653637648623,0,0,0,0,0,0,0,0,0,0,0.0,0.0,0.0,0.0,0.0,0,0,0,0,0,0.0,0.0,0.0,0.0,0.0,0.0,0.0,0.0,0.0,0.0
1877877811718791639,0,1,0,1,0,1,0,0,1,0,1.0,0.0,0.0,1.0,0.0,1,1,0,1,0,1.0,0.0,0.0,1.0,0.0,1.0,1.0,0.0,1.0,0.0
1902895537449291947,0,1,0,0,0,0,1,0,0,0,0.0,0.0,0.0,0.0,0.0,0,1,1,0,0,0.0,1.0,0.0,0.0,1.0,0.0,1.0,1.0,0.0,1.0
1929276534847602745,0,1,0,1,0,0,1,0,1,0,0.0,0.0,0.0,1.0,0.0,0,1,0,1,0,0.0,1.0,0.0,0.0,0.0,0.0,1.0,0.0,1.0,0.0
1935896282109034767,0,1,0,1,0,0,1,1,1,0,0.0,1.0,0.0,1.0,0.0,0,1,0,1,0,0.0,1.0,0.0,1.0,0.0,0.0,1.0,0.0,1.0,0.0
1894546455731278002,0,1,0,1,0,0,1,0,0,0,0.0,1.0,0.0,1.0,0.0,0,1,0,1,0,0.0,0.0,0.0,0.0,0.0,0.0,0.0,0.0,0.0,0.0
1854599099158331768,1,0,0,1,0,1,1,0,1,0,1.0,0.0,0.0,1.0,0.0,1,0,0,1,0,1.0,0.0,0.0,1.0,0.0,1.0,1.0,0.0,1.0,0.0
1940731897468043552,0,0,0,0,0,0,0,0,0,0,0.0,0.0,0.0,0.0,0.0,0,0,0,0,0,0.0,0.0,0.0,0.0,0.0,0.0,0.0,0.0,0.0,0.0
1906177679860142088,0,0,0,1,0,0,0,0,1,0,0.0,0.0,0.0,1.0,0.0,0,0,0,1,0,0.0,0.0,0.0,1.0,0.0,0.0,0.0,0.0,1.0,0.0
1848223168944857149,0,1,0,1,0,0,1,0,1,0,0.0,1.0,0.0,1.0,0.0,0,1,0,1,0,0.0,1.0,0.0,0.0,0.0,0.0,1.0,0.0,0.0,0.0
1899322805717545458,0,0,0,1,0,0,0,0,0,0,0.0,0.0,0.0,0.0,0.0,0,0,0,0,0,0.0,0.0,0.0,0.0,0.0,0.0,0.0,0.0,1.0,0.0
1889478849727250770,1,0,0,1,0,1,1,0,1,0,1.0,0.0,0.0,1.0,0.0,1,1,0,1,0,1.0,1.0,0.0,1.0,0.0,1.0,1.0,0.0,1.0,0.0
1882362445232287868,0,0,0,0,0,0,0,0,0,0,0.0,0.0,0.0,1.0,0.0,0,0,0,1,0,0.0,0.0,0.0,0.0,0.0,0.0,0.0,0.0,0.0,0.0
1864005893802672257,0,1,0,0,0,0,1,0,0,0,0.0,0.0,0.0,1.0,0.0,0,0,0,1,0,0.0,0.0,0.0,0.0,0.0,0.0,1.0,0.0,1.0,0.0
1849178855988228436,0,0,0,0,0,0,0,0,0,0,0.0,0.0,0.0,0.0,0.0,0,0,0,0,0,0.0,0.0,0.0,0.0,0.0,0.0,0.0,0.0,0.0,0.0
1894093447503462873,0,0,0,1,0,0,0,0,0,0,1.0,0.0,0.0,1.0,0.0,0,0,0,1,0,0.0,0.0,0.0,0.0,0.0,1.0,0.0,0.0,1.0,0.0
1890143309215223914,0,0,0,1,0,0,0,0,1,0,0.0,0.0,0.0,1.0,0.0,0,0,0,1,0,0.0,1.0,0.0,1.0,0.0,0.0,1.0,0.0,1.0,0.0
1903061908967612670,1,0,0,1,0,1,1,0,1,0,1.0,0.0,0.0,1.0,0.0,1,1,1,1,0,1.0,0.0,0.0,1.0,0.0,1.0,1.0,0.0,1.0,0.0
1870035165101039859,0,1,0,1,0,0,0,0,0,0,0.0,0.0,0.0,0.0,0.0,0,0,0,0,0,0.0,1.0,0.0,0.0,0.0,0.0,1.0,0.0,0.0,0.0
1879604601386910062,0,0,0,0,0,0,0,0,0,0,0.0,0.0,0.0,0.0,0.0,0,0,0,0,0,0.0,0.0,0.0,0.0,0.0,0.0,0.0,0.0,0.0,0.0
1858945075721769192,0,1,0,0,0,0,1,1,1,0,0.0,0.0,1.0,0.0,0.0,0,1,0,1,0,0.0,0.0,1.0,0.0,0.0,0.0,1.0,1.0,0.0,0.0
1870239263545086136,0,0,0,1,0,0,0,0,0,0,0.0,0.0,0.0,0.0,0.0,0,0,0,0,0,0.0,0.0,0.0,0.0,0.0,0.0,0.0,0.0,0.0,0.0
1882525807475900655,0,0,0,1,0,0,0,0,1,0,0.0,0.0,0.0,1.0,0.0,0,1,0,1,0,0.0,1.0,0.0,1.0,0.0,0.0,0.0,0.0,1.0,0.0
1896531860144173139,1,0,0,1,0,1,0,0,1,0,1.0,0.0,0.0,1.0,0.0,1,0,0,1,0,1.0,0.0,0.0,1.0,0.0,1.0,1.0,0.0,1.0,0.0
1908852706850054616,0,0,0,1,0,0,0,0,0,0,0.0,0.0,0.0,0.0,1.0,0,0,0,0,1,0.0,0.0,0.0,0.0,0.0,0.0,0.0,0.0,0.0,0.0
1887939136075743643,0,1,0,0,0,0,1,0,0,0,0.0,1.0,0.0,0.0,0.0,0,1,0,0,0,0.0,0.0,0.0,0.0,0.0,0.0,1.0,1.0,0.0,0.0
1889932032945619013,0,0,0,1,0,0,0,0,0,0,0.0,0.0,0.0,0.0,0.0,0,0,0,1,0,0.0,0.0,0.0,0.0,0.0,0.0,0.0,0.0,0.0,0.0
1855953185237770498,0,0,0,1,0,0,0,0,1,0,0.0,0.0,0.0,1.0,0.0,0,0,0,0,0,0.0,0.0,0.0,0.0,0.0,0.0,0.0,0.0,1.0,0.0
1944741872104018244,0,0,0,1,0,0,0,0,1,0,0.0,0.0,0.0,1.0,0.0,0,0,0,1,0,0.0,0.0,0.0,1.0,0.0,0.0,0.0,0.0,1.0,0.0
1899256150979166650,0,1,0,1,0,0,1,0,1,0,0.0,0.0,0.0,1.0,0.0,0,0,0,1,0,1.0,1.0,0.0,1.0,0.0,0.0,0.0,0.0,1.0,0.0
1867643950963863634,0,0,0,1,0,0,0,0,1,0,0.0,0.0,0.0,1.0,0.0,0,1,0,1,0,0.0,0.0,0.0,1.0,0.0,0.0,0.0,0.0,1.0,0.0
1853527965637967894,0,0,0,0,0,0,1,0,0,0,0.0,0.0,0.0,0.0,0.0,0,1,0,0,0,0.0,0.0,0.0,0.0,0.0,0.0,0.0,0.0,0.0,0.0
1867909908923928966,0,0,0,0,0,0,0,0,0,0,0.0,0.0,0.0,0.0,0.0,0,0,0,0,0,0.0,0.0,0.0,0.0,0.0,0.0,0.0,0.0,0.0,0.0
1886842891076579401,0,0,0,1,0,0,0,0,1,0,0.0,0.0,0.0,1.0,0.0,0,0,0,1,0,0.0,0.0,0.0,1.0,0.0,1.0,0.0,0.0,1.0,0.0
1858582070148141349,0,1,0,0,0,0,0,0,0,0,0.0,1.0,0.0,1.0,0.0,0,1,0,0,0,0.0,0.0,0.0,0.0,0.0,0.0,1.0,0.0,0.0,0.0
1935668340715815166,0,0,0,0,0,0,0,0,0,0,0.0,0.0,0.0,0.0,0.0,0,0,0,0,0,0.0,0.0,0.0,0.0,0.0,0.0,0.0,0.0,0.0,0.0
1918426890362142751,0,0,0,0,0,0,0,0,0,0,0.0,0.0,0.0,0.0,0.0,0,0,0,0,0,0.0,0.0,0.0,0.0,0.0,0.0,0.0,0.0,0.0,0.0
1873709833708532134,0,1,0,1,0,0,1,0,1,0,0.0,1.0,0.0,1.0,0.0,0,1,0,1,0,0.0,1.0,0.0,1.0,0.0,0.0,1.0,0.0,1.0,0.0
1847351503163469841,0,0,0,0,0,0,0,0,0,0,0.0,0.0,0.0,1.0,0.0,0,1,0,1,0,0.0,1.0,0.0,0.0,0.0,0.0,0.0,0.0,0.0,0.0
1932058528958881794,1,0,1,1,1,1,1,1,1,1,1.0,1.0,1.0,0.0,1.0,0,1,1,0,1,1.0,1.0,0.0,1.0,1.0,1.0,1.0,1.0,1.0,1.0
1890560595604230471,0,0,0,1,0,0,0,0,1,0,1.0,0.0,0.0,1.0,0.0,1,0,0,1,0,0.0,0.0,0.0,0.0,0.0,1.0,0.0,0.0,1.0,0.0
1868731145510437340,1,1,0,1,0,1,1,0,1,0,1.0,1.0,,1.0,,1,1,0,1,0,1.0,1.0,1.0,1.0,0.0,1.0,1.0,0.0,1.0,0.0
1890904238512840844,1,0,0,1,0,1,0,0,1,0,1.0,0.0,0.0,1.0,0.0,1,0,0,1,0,1.0,1.0,0.0,1.0,0.0,1.0,1.0,0.0,1.0,0.0
1940391567531131361,0,0,0,1,0,0,0,0,0,0,0.0,0.0,0.0,1.0,0.0,0,0,0,0,0,0.0,0.0,0.0,0.0,0.0,0.0,0.0,0.0,0.0,0.0
1853345185381417350,0,0,0,1,0,0,0,0,0,0,0.0,0.0,0.0,1.0,0.0,0,1,0,0,0,0.0,1.0,0.0,1.0,0.0,0.0,0.0,0.0,0.0,0.0
1899806690129727519,0,0,0,1,0,0,0,0,1,0,0.0,0.0,0.0,1.0,0.0,0,0,0,1,0,0.0,0.0,0.0,1.0,0.0,0.0,0.0,0.0,1.0,0.0
1901245659463692676,0,0,0,0,0,0,0,0,0,0,0.0,0.0,0.0,0.0,0.0,0,0,0,1,0,0.0,0.0,0.0,0.0,0.0,0.0,0.0,0.0,1.0,0.0
1848593787502924058,0,0,0,0,0,0,0,0,0,0,0.0,0.0,0.0,0.0,0.0,0,0,0,0,0,0.0,0.0,0.0,0.0,0.0,0.0,0.0,0.0,0.0,0.0
1874709036140253563,0,0,0,0,0,0,0,0,0,0,0.0,0.0,0.0,1.0,0.0,0,1,0,1,0,0.0,0.0,0.0,0.0,0.0,0.0,0.0,0.0,1.0,0.0
1851247888128741792,0,1,0,1,0,0,1,0,1,0,0.0,1.0,0.0,1.0,0.0,0,1,0,1,0,0.0,1.0,0.0,0.0,0.0,0.0,1.0,0.0,1.0,0.0
1889293223052403187,1,1,0,1,0,1,1,1,1,0,1.0,1.0,1.0,1.0,0.0,1,1,1,1,0,1.0,1.0,1.0,1.0,0.0,1.0,1.0,1.0,1.0,0.0
1859308478923211104,0,0,0,0,0,0,0,0,0,0,0.0,0.0,0.0,0.0,0.0,0,0,0,0,0,0.0,0.0,0.0,0.0,0.0,0.0,0.0,0.0,0.0,0.0
1939889119305543889,0,1,0,1,0,0,1,0,1,0,0.0,1.0,1.0,1.0,0.0,1,1,0,1,0,1.0,1.0,1.0,1.0,0.0,0.0,1.0,1.0,1.0,0.0
1880535873827270968,0,1,1,0,0,0,1,1,0,0,0.0,0.0,1.0,0.0,0.0,0,1,0,0,1,0.0,1.0,1.0,0.0,0.0,0.0,1.0,1.0,0.0,0.0
1880149642954043662,0,1,1,0,0,0,0,1,0,0,0.0,0.0,1.0,1.0,0.0,0,1,0,0,0,0.0,0.0,1.0,0.0,0.0,0.0,1.0,1.0,0.0,0.0
1861756243809050988,0,1,0,1,0,1,0,0,1,1,1.0,0.0,0.0,1.0,0.0,1,0,0,1,0,0.0,1.0,0.0,0.0,0.0,0.0,0.0,0.0,1.0,1.0
1869816393140514899,0,0,0,1,0,0,0,0,0,0,0.0,0.0,0.0,0.0,0.0,0,0,0,1,0,0.0,0.0,0.0,0.0,0.0,0.0,0.0,0.0,0.0,0.0
1895348685606932546,0,0,0,1,0,0,0,0,1,0,0.0,0.0,0.0,1.0,0.0,0,0,0,0,0,0.0,0.0,0.0,0.0,0.0,0.0,0.0,0.0,1.0,0.0
1893103143895834973,0,0,0,1,0,0,0,0,1,0,1.0,0.0,0.0,1.0,0.0,0,0,0,1,0,0.0,0.0,0.0,0.0,0.0,0.0,0.0,0.0,1.0,0.0
1892019889981759946,0,0,0,1,0,0,0,0,0,0,0.0,0.0,0.0,1.0,0.0,0,0,0,0,0,0.0,0.0,0.0,1.0,0.0,0.0,0.0,0.0,1.0,0.0
1899077379869258206,1,1,0,1,0,1,1,0,1,0,1.0,1.0,0.0,1.0,0.0,1,1,1,1,0,1.0,1.0,0.0,1.0,0.0,1.0,1.0,0.0,1.0,0.0
1856934661177709030,0,0,0,0,0,0,0,0,0,0,0.0,0.0,0.0,0.0,0.0,0,0,0,0,0,0.0,0.0,0.0,0.0,0.0,0.0,0.0,0.0,0.0,0.0
1849434203961573704,1,1,0,1,0,0,1,0,1,0,1.0,1.0,0.0,1.0,0.0,1,1,0,1,0,0.0,1.0,0.0,1.0,0.0,1.0,1.0,1.0,1.0,0.0
1895445810235756693,0,1,1,1,0,0,1,0,1,0,0.0,1.0,1.0,1.0,0.0,0,1,0,1,0,0.0,1.0,0.0,0.0,0.0,0.0,1.0,0.0,1.0,0.0
1852516055186387226,0,1,0,1,0,0,1,0,0,0,1.0,0.0,1.0,1.0,0.0,1,0,0,1,0,1.0,1.0,0.0,1.0,1.0,1.0,1.0,1.0,1.0,1.0
1903991327596912730,1,1,0,1,0,1,1,0,1,0,1.0,1.0,1.0,1.0,0.0,1,1,1,1,0,1.0,1.0,0.0,1.0,0.0,1.0,1.0,1.0,1.0,0.0
1855486564048007464,0,1,0,0,1,0,0,0,0,1,0.0,1.0,0.0,0.0,1.0,0,1,0,1,0,0.0,1.0,0.0,1.0,1.0,,,,,
1899875565483467070,1,0,0,1,0,0,0,0,1,0,1.0,0.0,0.0,1.0,0.0,0,0,0,0,1,1.0,0.0,0.0,1.0,0.0,1.0,1.0,0.0,1.0,0.0
1867062341487169946,0,0,0,0,0,0,0,0,0,0,0.0,0.0,0.0,0.0,0.0,0,0,0,0,0,0.0,0.0,0.0,0.0,0.0,0.0,0.0,0.0,0.0,0.0
1895984984693113205,1,0,0,1,0,1,0,0,1,0,1.0,0.0,0.0,1.0,0.0,1,1,0,1,0,1.0,0.0,0.0,0.0,0.0,1.0,1.0,0.0,1.0,0.0
1876433608191193158,0,0,0,0,0,0,0,0,0,0,0.0,0.0,0.0,0.0,0.0,0,0,0,0,0,0.0,0.0,0.0,0.0,0.0,0.0,0.0,0.0,0.0,0.0
1863386221059191173,0,0,0,0,0,0,0,0,0,0,0.0,0.0,0.0,0.0,0.0,0,0,0,0,0,0.0,0.0,0.0,0.0,0.0,0.0,0.0,0.0,0.0,0.0
1935319424925601831,1,0,0,1,0,1,0,0,1,0,1.0,0.0,0.0,1.0,0.0,1,0,0,1,0,1.0,0.0,0.0,1.0,0.0,1.0,0.0,0.0,1.0,0.0
1880610962115580349,0,0,0,1,0,0,0,0,0,0,0.0,0.0,0.0,1.0,0.0,0,0,0,1,0,0.0,0.0,0.0,0.0,0.0,0.0,0.0,0.0,1.0,0.0
1857650549358997631,0,1,0,0,0,0,1,0,0,0,0.0,0.0,0.0,0.0,0.0,0,0,0,0,0,0.0,0.0,0.0,0.0,0.0,0.0,1.0,0.0,0.0,0.0
1860756753044185294,0,0,0,0,0,0,0,0,0,0,0.0,0.0,0.0,0.0,0.0,0,0,0,0,0,0.0,0.0,0.0,0.0,0.0,0.0,0.0,0.0,0.0,0.0
1921812786851524740,0,1,0,1,0,0,1,1,1,0,0.0,1.0,0.0,1.0,1.0,0,1,0,1,0,1.0,1.0,0.0,1.0,0.0,0.0,1.0,1.0,1.0,1.0
1889490360058904791,1,0,0,1,0,1,0,0,1,0,1.0,0.0,0.0,1.0,0.0,0,0,0,1,0,1.0,0.0,0.0,0.0,0.0,0.0,0.0,0.0,1.0,0.0
1920384566520656189,0,0,0,0,0,0,0,0,0,0,0.0,0.0,0.0,0.0,0.0,0,0,0,0,0,0.0,0.0,0.0,0.0,0.0,0.0,0.0,0.0,0.0,0.0
1887810252478796179,0,0,0,0,0,0,0,0,0,0,0.0,0.0,0.0,0.0,0.0,0,0,1,1,0,0.0,0.0,0.0,0.0,0.0,0.0,0.0,0.0,1.0,0.0
1852802864663392429,1,0,0,1,0,1,0,0,1,0,1.0,0.0,0.0,1.0,0.0,0,0,0,0,0,0.0,0.0,0.0,0.0,0.0,0.0,0.0,0.0,0.0,0.0
1896995556968554680,0,1,0,1,0,0,0,0,1,1,0.0,0.0,0.0,1.0,1.0,0,0,0,1,0,0.0,0.0,0.0,0.0,1.0,0.0,0.0,0.0,1.0,1.0
1945459994737930374,0,0,0,0,0,0,0,0,0,0,0.0,0.0,0.0,0.0,0.0,0,0,0,0,0,0.0,0.0,0.0,0.0,0.0,0.0,0.0,0.0,0.0,0.0
1917905705043997110,0,0,0,1,0,0,0,0,0,0,0.0,0.0,0.0,0.0,0.0,0,0,0,0,0,0.0,0.0,0.0,0.0,0.0,0.0,0.0,0.0,1.0,0.0
1857227374695243877,0,0,0,0,0,0,0,0,0,0,0.0,0.0,0.0,0.0,0.0,0,0,0,0,0,0.0,0.0,0.0,0.0,0.0,0.0,0.0,0.0,0.0,0.0
1865956819149140213,1,0,0,1,0,1,1,0,1,0,1.0,0.0,0.0,1.0,0.0,1,1,0,1,0,1.0,1.0,0.0,1.0,0.0,1.0,1.0,0.0,1.0,0.0
1937125327534428318,1,0,0,1,0,1,0,0,1,0,1.0,0.0,0.0,1.0,0.0,1,1,0,1,0,1.0,0.0,0.0,1.0,0.0,1.0,1.0,0.0,1.0,0.0
1882894569710514256,0,0,0,0,1,0,0,0,0,1,0.0,0.0,0.0,1.0,0.0,0,1,0,0,0,0.0,0.0,0.0,0.0,1.0,0.0,0.0,0.0,0.0,1.0
1860201981480173855,0,0,0,0,0,0,0,0,0,0,0.0,0.0,0.0,0.0,0.0,0,0,0,0,0,0.0,0.0,0.0,0.0,0.0,0.0,0.0,0.0,0.0,0.0
1937485894438551886,0,0,0,0,0,0,0,0,0,0,0.0,0.0,0.0,1.0,0.0,0,1,0,1,0,0.0,0.0,0.0,0.0,0.0,0.0,0.0,0.0,0.0,0.0
1932706988884209907,0,0,0,1,0,0,0,0,0,0,0.0,0.0,0.0,1.0,0.0,0,0,0,0,0,0.0,0.0,0.0,0.0,0.0,0.0,0.0,0.0,1.0,0.0
